Data e Hora Cotação;Cotação Compra;Cotação Venda
2010-01-04 17:37:00.0;1,7232;1,724
2010-01-05 17:35:00.0;1,7219;1,7227
2010-01-06 17:34:00.0;1,7329;1,7337
2010-01-07 17:37:00.0;1,7405;1,7413
2010-01-08 17:33:00.0;1,7382;1,739
2010-01-11 17:36:00.0;1,7315;1,7323
2010-01-12 17:37:00.0;1,7431;1,7439
2010-01-13 17:34:00.0;1,7434;1,7442
2010-01-14 17:42:00.0;1,764;1,7648
2010-01-15 17:40:00.0;1,7703;1,7711
2010-01-18 17:33:00.0;1,7713;1,7721
2010-01-19 17:36:00.0;1,7739;1,7747
2010-01-20 17:32:00.0;1,7846;1,7854
2010-01-21 17:38:00.0;1,7895;1,7903
2010-01-22 17:32:00.0;1,8179;1,8187
2010-01-25 17:33:00.0;1,8186;1,8194
2010-01-26 17:35:00.0;1,8359;1,8367
2010-01-27 17:36:00.0;1,8505;1,8513
2010-01-28 17:35:00.0;1,8552;1,856
2010-01-29 17:34:00.0;1,874;1,8748
2010-02-01 17:33:00.0;1,8765;1,8773
2010-02-02 17:32:00.0;1,8355;1,8363
2010-02-03 17:35:00.0;1,8329;1,8337
2010-02-04 17:33:00.0;1,8707;1,8715
2010-02-05 17:35:00.0;1,8745;1,8753
2010-02-08 17:33:00.0;1,8722;1,873
2010-02-09 17:38:00.0;1,8542;1,855
2010-02-10 17:32:00.0;1,8475;1,8483
2010-02-11 17:51:00.0;1,8508;1,8516
2010-02-12 17:35:00.0;1,8662;1,867
2010-02-17 17:36:00.0;1,8305;1,8313
2010-02-18 17:36:00.0;1,8258;1,8266
2010-02-19 17:32:00.0;1,8108;1,8116
2010-02-22 17:37:00.0;1,8038;1,8046
2010-02-23 17:33:00.0;1,8178;1,8186
2010-02-24 17:38:00.0;1,8195;1,8203
2010-02-25 17:35:00.0;1,8356;1,8364
2010-02-26 17:35:00.0;1,8102;1,811
2010-03-01 17:34:00.0;1,7992;1,8
2010-03-02 17:35:00.0;1,7843;1,7851
2010-03-03 17:32:00.0;1,7838;1,7846
2010-03-04 17:37:00.0;1,788;1,7888
2010-03-05 17:32:00.0;1,7816;1,7824
2010-03-08 17:33:00.0;1,7818;1,7826
2010-03-09 17:39:00.0;1,7891;1,7899
2010-03-10 17:34:00.0;1,7708;1,7716
2010-03-11 17:37:00.0;1,7685;1,7693
2010-03-12 17:38:00.0;1,7629;1,7637
2010-03-15 17:41:00.0;1,7636;1,7644
2010-03-16 17:46:00.0;1,7658;1,7666
2010-03-17 17:34:00.0;1,7632;1,764
2010-03-18 17:34:00.0;1,784;1,7848
2010-03-19 17:37:00.0;1,7946;1,7954
2010-03-22 17:37:00.0;1,8022;1,803
2010-03-23 17:41:00.0;1,7805;1,7813
2010-03-24 17:38:00.0;1,7896;1,7904
2010-03-25 17:59:00.0;1,8;1,8008
2010-03-26 17:35:00.0;1,8223;1,8231
2010-03-29 17:37:44.529;1,8056;1,8064
2010-03-30 17:39:06.616;1,7944;1,7952
2010-03-31 17:36:21.588;1,7802;1,781
2010-04-01 17:38:56.858;1,7693;1,7701
2010-04-05 17:36:53.754;1,7565;1,7573
2010-04-06 17:34:49.987;1,7597;1,7605
2010-04-07 17:37:14.88;1,7654;1,7662
2010-04-08 17:37:49.453;1,7798;1,7806
2010-04-09 17:40:12.791;1,7722;1,773
2010-04-12 17:34:43.005;1,76;1,7608
2010-04-13 17:35:21.318;1,7576;1,7584
2010-04-14 17:35:09.424;1,7438;1,7446
2010-04-15 17:33:03.626;1,7475;1,7483
2010-04-16 17:39:58.9;1,755;1,7558
2010-04-19 17:38:12.453;1,758;1,7588
2010-04-20 18:02:44.86;1,7489;1,7497
2010-04-22 17:35:12.91;1,7618;1,7626
2010-04-23 17:41:45.657;1,7616;1,7624
2010-04-26 17:36:46.791;1,7438;1,7446
2010-04-27 17:41:17.604;1,7584;1,7592
2010-04-28 17:50:03.55;1,755;1,7558
2010-04-29 17:37:24.943;1,7313;1,7321
2010-04-30 17:35:28.386;1,7298;1,7306
2010-05-03 17:45:35.207;1,7307;1,7315
2010-05-04 17:39:51.446;1,7549;1,7557
2010-05-05 17:41:29.678;1,7854;1,7862
2010-05-06 17:39:34.535;1,8345;1,8353
2010-05-07 17:34:42.727;1,8335;1,8343
2010-05-10 17:34:10.777;1,7825;1,7833
2010-05-11 17:34:41.508;1,7835;1,7843
2010-05-12 17:45:50.401;1,7715;1,7723
2010-05-13 17:36:15.837;1,7729;1,7737
2010-05-14 17:34:59.436;1,7959;1,7967
2010-05-17 17:35:48.832;1,8037;1,8045
2010-05-18 17:34:34.669;1,7913;1,7921
2010-05-19 17:47:48.225;1,8358;1,8366
2010-05-20 17:32:23.277;1,8669;1,8677
2010-05-21 17:33:27.416;1,8702;1,871
2010-05-24 17:32:32.997;1,8514;1,8522
2010-05-25 17:31:26.324;1,8803;1,8811
2010-05-26 17:34:25.863;1,8453;1,8461
2010-05-27 17:35:37.141;1,832;1,8328
2010-05-28 17:34:49.479;1,8221;1,8229
2010-05-31 17:35:43.414;1,8159;1,8167
2010-06-01 17:41:44.276;1,8247;1,8255
2010-06-02 17:32:49.588;1,8354;1,8362
2010-06-04 17:32:39.86;1,8393;1,8401
2010-06-07 17:32:05.592;1,8626;1,8634
2010-06-08 17:32:07.132;1,865;1,8658
2010-06-09 17:33:40.417;1,8415;1,8423
2010-06-10 17:35:29.158;1,8177;1,8185
2010-06-11 17:37:09.486;1,8117;1,8125
2010-06-14 17:40:20.697;1,8022;1,803
2010-06-15 14:03:33.118;1,7963;1,7971
2010-06-16 17:41:15.758;1,7885;1,7893
2010-06-17 17:40:51.003;1,7809;1,7817
2010-06-18 17:38:15.783;1,7753;1,7761
2010-06-21 17:37:44.686;1,7655;1,7663
2010-06-22 17:37:14.118;1,7672;1,768
2010-06-23 17:31:19.162;1,79;1,7908
2010-06-24 17:36:04.503;1,7899;1,7907
2010-06-25 17:46:08.628;1,7773;1,7781
2010-06-28 14:04:20.541;1,7818;1,7826
2010-06-29 17:38:35.905;1,8068;1,8076
2010-06-30 17:35:11.498;1,8007;1,8015
2010-07-01 17:36:13.304;1,7998;1,8006
2010-07-02 17:46:01.764;1,7777;1,7785
2010-07-05 17:40:52.405;1,7747;1,7755
2010-07-06 17:36:08.194;1,7657;1,7665
2010-07-07 17:39:15.165;1,7711;1,7719
2010-07-08 17:35:44.768;1,7644;1,7652
2010-07-09 17:36:29.431;1,7564;1,7572
2010-07-12 17:36:53.639;1,7636;1,7644
2010-07-13 17:38:05.013;1,7517;1,7525
2010-07-14 17:35:38.813;1,7649;1,7657
2010-07-15 17:44:55.679;1,7682;1,769
2010-07-16 17:36:31.702;1,7784;1,7792
2010-07-19 17:36:16.289;1,7846;1,7854
2010-07-20 17:45:53.84;1,7792;1,78
2010-07-21 17:58:05.911;1,7758;1,7766
2010-07-22 17:36:45.011;1,7621;1,7629
2010-07-23 17:37:29.135;1,7609;1,7617
2010-07-26 17:35:33.309;1,7661;1,7669
2010-07-27 17:37:59.971;1,765;1,7658
2010-07-28 17:35:50.122;1,7642;1,765
2010-07-29 17:42:42.695;1,7635;1,7643
2010-07-30 17:35:33.589;1,7564;1,7572
2010-08-02 17:45:04.31;1,7481;1,7489
2010-08-03 17:37:17.793;1,7586;1,7594
2010-08-04 17:37:18.781;1,7555;1,7563
2010-08-05 17:41:51.674;1,7527;1,7535
2010-08-06 17:37:14.494;1,7558;1,7566
2010-08-09 17:37:03.039;1,7529;1,7537
2010-08-10 17:36:41.776;1,7568;1,7576
2010-08-11 17:37:23.508;1,7655;1,7663
2010-08-12 17:47:28.883;1,7723;1,7731
2010-08-13 17:38:07.098;1,7708;1,7716
2010-08-16 17:38:46.468;1,7631;1,7639
2010-08-17 17:36:29.771;1,752;1,7528
2010-08-18 17:37:46.444;1,7505;1,7513
2010-08-19 18:04:29.752;1,7576;1,7584
2010-08-20 17:35:22.156;1,7589;1,7597
2010-08-23 17:36:24.799;1,7579;1,7587
2010-08-24 17:43:04.391;1,7719;1,7727
2010-08-25 17:37:43.902;1,766;1,7668
2010-08-26 17:38:36.082;1,7588;1,7596
2010-08-27 17:38:39.953;1,7536;1,7544
2010-08-30 17:36:05.3;1,7583;1,7591
2010-08-31 17:41:00.694;1,7552;1,756
2010-09-01 17:40:30.532;1,7433;1,7441
2010-09-02 17:38:34.599;1,7359;1,7367
2010-09-03 17:39:25.567;1,7273;1,7281
2010-09-06 17:36:33.925;1,7251;1,7259
2010-09-08 17:37:47.451;1,7223;1,7231
2010-09-09 17:36:17.655;1,723;1,7238
2010-09-10 17:38:06.985;1,7178;1,7186
2010-09-13 17:36:28.978;1,7166;1,7174
2010-09-14 17:36:15.24;1,7068;1,7076
2010-09-15 17:38:27.225;1,7161;1,7169
2010-09-16 17:42:13.012;1,7176;1,7184
2010-09-17 17:36:23.923;1,7158;1,7166
2010-09-20 17:45:57.297;1,7208;1,7216
2010-09-21 17:38:23.234;1,7247;1,7255
2010-09-22 17:53:23.258;1,7176;1,7184
2010-09-23 17:38:57.043;1,7186;1,7194
2010-09-24 17:37:58.656;1,7112;1,712
2010-09-27 17:43:34.608;1,7092;1,71
2010-09-28 17:38:55.801;1,7085;1,7093
2010-09-29 17:38:30.146;1,7045;1,7053
2010-09-30 17:39:48.341;1,6934;1,6942
2010-10-01 17:38:31.487;1,6804;1,6812
2010-10-04 17:43:02.58;1,6874;1,6882
2010-10-05 17:45:33.951;1,68;1,6808
2010-10-06 17:39:52.902;1,675;1,6758
2010-10-07 17:40:38.858;1,6769;1,6777
2010-10-08 17:41:44.029;1,6796;1,6804
2010-10-11 17:39:02.449;1,664;1,6648
2010-10-13 17:37:34.006;1,6546;1,6554
2010-10-14 17:37:53.038;1,6588;1,6596
2010-10-15 17:37:41.506;1,6596;1,6604
2010-10-18 17:36:47.012;1,6678;1,6686
2010-10-19 17:38:07.885;1,686;1,6868
2010-10-20 17:36:53.343;1,6727;1,6735
2010-10-21 17:38:39.173;1,6889;1,6897
2010-10-22 17:48:29.313;1,6989;1,6997
2010-10-25 17:37:34.129;1,7018;1,7026
2010-10-26 17:35:56.684;1,7037;1,7045
2010-10-27 17:37:54.178;1,7069;1,7077
2010-10-28 17:35:50.949;1,7104;1,7112
2010-10-29 17:36:13.776;1,7006;1,7014
2010-11-01 17:35:29.396;1,7036;1,7044
2010-11-03 17:43:03.764;1,6929;1,6937
2010-11-04 17:38:05.829;1,6811;1,6819
2010-11-05 17:42:27.889;1,6793;1,6801
2010-11-08 17:51:34.642;1,6962;1,697
2010-11-09 17:36:29.875;1,6962;1,697
2010-11-10 17:44:32.068;1,7062;1,707
2010-11-11 17:39:39.203;1,717;1,7178
2010-11-12 17:37:58.08;1,719;1,7198
2010-11-16 17:35:39.898;1,7287;1,7295
2010-11-17 17:35:27.784;1,729;1,7298
2010-11-18 17:39:13.646;1,7135;1,7143
2010-11-19 19:05:34.86;1,7181;1,7189
2010-11-22 17:35:53.491;1,7227;1,7235
2010-11-23 17:37:52.256;1,7328;1,7336
2010-11-24 17:43:08.219;1,7239;1,7247
2010-11-25 18:06:16.576;1,7198;1,7206
2010-11-26 17:36:31.833;1,729;1,7298
2010-11-29 17:36:15.451;1,7263;1,7271
2010-11-30 17:39:04.529;1,7153;1,7161
2010-12-01 17:38:23.279;1,7044;1,7052
2010-12-02 17:35:24.075;1,7021;1,7029
2010-12-03 17:36:31.078;1,6909;1,6917
2010-12-06 17:37:45.434;1,6828;1,6836
2010-12-07 17:35:35.069;1,6731;1,6739
2010-12-08 17:35:26.446;1,6884;1,6892
2010-12-09 17:35:28.463;1,7016;1,7024
2010-12-10 17:36:30.976;1,7109;1,7117
2010-12-13 17:36:52.025;1,7019;1,7027
2010-12-14 17:36:05.312;1,6941;1,6949
2010-12-15 17:36:15.391;1,698;1,6988
2010-12-16 17:38:23.208;1,702;1,7028
2010-12-17 17:36:36.349;1,709;1,7098
2010-12-20 17:38:30.352;1,7074;1,7082
2010-12-21 17:36:35.778;1,6966;1,6974
2010-12-22 17:35:27.131;1,6938;1,6946
2010-12-23 17:46:18.303;1,6976;1,6984
2010-12-24 12:08:17.662;1,6895;1,6903
2010-12-27 17:38:38.676;1,6914;1,6922
2010-12-28 17:36:12.628;1,6858;1,6866
2010-12-29 17:35:52.548;1,678;1,6788
2010-12-30 17:36:52.217;1,6654;1,6662
2010-12-31 12:06:25.157;1,6654;1,6662
2011-01-03 17:37:45.128;1,6502;1,651
2011-01-04 17:35:47.253;1,6548;1,6556
2011-01-05 17:35:38.994;1,6705;1,6713
2011-01-06 17:37:47.462;1,6849;1,6857
2011-01-07 17:35:59.615;1,6853;1,6861
2011-01-10 17:35:22.996;1,6904;1,6912
2011-01-11 17:35:38.975;1,6879;1,6887
2011-01-12 17:35:16.886;1,6765;1,6773
2011-01-13 17:36:15.942;1,6693;1,6701
2011-01-14 17:35:45.638;1,6835;1,6843
2011-01-17 17:35:46.545;1,681;1,6818
2011-01-18 17:35:28.568;1,6737;1,6745
2011-01-19 17:36:13.773;1,6706;1,6714
2011-01-20 17:39:32.358;1,6707;1,6715
2011-01-21 17:35:52.719;1,6715;1,6723
2011-01-24 17:36:18.799;1,6723;1,6731
2011-01-25 17:36:01.933;1,6737;1,6745
2011-01-26 17:39:07.449;1,6684;1,6692
2011-01-27 17:36:05.539;1,6712;1,672
2011-01-28 17:36:01.111;1,6774;1,6782
2011-01-31 17:36:10.585;1,6726;1,6734
2011-02-01 17:35:29.186;1,6623;1,6631
2011-02-02 17:36:11.33;1,6663;1,6671
2011-02-03 17:35:34.51;1,6689;1,6697
2011-02-04 17:35:28.524;1,673;1,6738
2011-02-07 17:35:26.278;1,6768;1,6776
2011-02-08 17:36:17.567;1,6703;1,6711
2011-02-09 17:35:59.365;1,6635;1,6643
2011-02-10 17:36:02.75;1,6672;1,668
2011-02-11 17:35:25.488;1,6671;1,6679
2011-02-14 17:35:22.08;1,6673;1,6681
2011-02-15 17:35:40.077;1,6674;1,6682
2011-02-16 17:38:49.723;1,6696;1,6704
2011-02-17 17:35:30.731;1,6653;1,6661
2011-02-18 17:37:41.925;1,6669;1,6677
2011-02-21 17:35:23.05;1,6659;1,6667
2011-02-22 17:35:24.33;1,6686;1,6694
2011-02-23 17:35:48.918;1,6712;1,672
2011-02-24 17:35:36.285;1,6641;1,6649
2011-02-25 17:35:44.632;1,6617;1,6625
2011-02-28 18:03:02.564;1,6604;1,6612
2011-03-01 17:35:23.45;1,6619;1,6627
2011-03-02 17:35:27.994;1,6602;1,661
2011-03-03 17:35:30.136;1,6537;1,6545
2011-03-04 17:38:49.199;1,6454;1,6462
2011-03-09 17:46:14.122;1,6551;1,6559
2011-03-10 17:36:06.816;1,6604;1,6612
2011-03-11 17:35:40.852;1,6641;1,6649
2011-03-14 17:35:21.778;1,6623;1,6631
2011-03-15 17:35:38.384;1,6684;1,6692
2011-03-16 17:39:32.112;1,6666;1,6674
2011-03-17 17:35:35.775;1,6749;1,6757
2011-03-18 17:42:02.649;1,6712;1,672
2011-03-21 17:36:01.956;1,6644;1,6652
2011-03-22 17:37:06.386;1,663;1,6638
2011-03-23 17:35:46.713;1,6594;1,6602
2011-03-24 17:36:15.489;1,6585;1,6593
2011-03-25 17:35:38.815;1,6573;1,6581
2011-03-28 17:36:12.792;1,6606;1,6614
2011-03-29 17:35:33.252;1,6538;1,6546
2011-03-30 17:36:43.286;1,6352;1,636
2011-03-31 17:37:06.336;1,6279;1,6287
2011-04-01 17:35:33.458;1,6186;1,6194
2011-04-04 17:36:52.876;1,6102;1,611
2011-04-05 17:36:25.073;1,6079;1,6087
2011-04-06 17:35:36.241;1,6089;1,6097
2011-04-07 17:35:58.491;1,5919;1,5927
2011-04-08 17:36:33.44;1,5754;1,5762
2011-04-11 17:35:24.788;1,5797;1,5805
2011-04-12 17:35:42.342;1,5862;1,587
2011-04-13 17:36:21.931;1,5856;1,5864
2011-04-14 17:36:11.304;1,5834;1,5842
2011-04-15 17:37:04.846;1,5768;1,5776
2011-04-18 17:35:29.035;1,5904;1,5912
2011-04-19 17:36:41.291;1,5784;1,5792
2011-04-20 17:35:32.338;1,5714;1,5722
2011-04-25 17:35:36.02;1,5712;1,572
2011-04-26 17:35:38.079;1,5646;1,5654
2011-04-27 17:35:58.894;1,5697;1,5705
2011-04-28 17:37:36.51;1,5845;1,5853
2011-04-29 17:35:24.698;1,5725;1,5733
2011-05-02 17:35:41.206;1,5739;1,5747
2011-05-03 17:35:35.769;1,5882;1,589
2011-05-04 17:35:32.961;1,6022;1,603
2011-05-05 17:35:53.066;1,6211;1,6219
2011-05-06 17:35:35.263;1,6103;1,6111
2011-05-09 17:36:28.314;1,6191;1,6199
2011-05-10 17:37:32.405;1,6061;1,6069
2011-05-11 17:38:12.597;1,617;1,6178
2011-05-12 17:36:11.243;1,6199;1,6207
2011-05-13 17:58:18.231;1,632;1,6328
2011-05-16 17:36:13.639;1,6309;1,6317
2011-05-17 17:38:53.231;1,6282;1,629
2011-05-18 17:36:15.01;1,6158;1,6166
2011-05-19 17:39:43.259;1,6157;1,6165
2011-05-20 17:35:44.773;1,6161;1,6169
2011-05-23 17:37:36.356;1,6331;1,6339
2011-05-24 17:36:05.71;1,6248;1,6256
2011-05-25 17:36:20.489;1,6289;1,6297
2011-05-26 17:36:50.022;1,6188;1,6196
2011-05-27 17:37:03.004;1,603;1,6038
2011-05-30 17:35:51.764;1,595;1,5958
2011-05-31 17:35:48.96;1,5791;1,5799
2011-06-01 17:36:25.696;1,587;1,5878
2011-06-02 17:36:31.604;1,5797;1,5805
2011-06-03 17:35:38.619;1,5736;1,5744
2011-06-06 17:36:10.808;1,5802;1,581
2011-06-07 17:35:29.479;1,5756;1,5764
2011-06-08 17:35:51.746;1,5812;1,582
2011-06-09 17:46:17.94;1,5869;1,5877
2011-06-10 17:37:02.412;1,593;1,5938
2011-06-13 17:35:36.77;1,588;1,5888
2011-06-14 17:37:00.528;1,5813;1,5821
2011-06-15 17:35:46.072;1,5952;1,596
2011-06-16 17:36:42.875;1,61;1,6108
2011-06-17 17:35:49.064;1,5971;1,5979
2011-06-20 17:35:33.152;1,5961;1,5969
2011-06-21 17:35:59.84;1,5902;1,591
2011-06-22 17:37:04.824;1,5869;1,5877
2011-06-24 17:38:48.145;1,598;1,5988
2011-06-27 17:37:10.863;1,5961;1,5969
2011-06-28 17:38:48.435;1,5825;1,5833
2011-06-29 17:46:04.836;1,5722;1,573
2011-06-30 17:44:48.602;1,5603;1,5611
2011-07-01 13:05:09.112;1,5591;1,5599
2011-07-04 13:05:16.125;1,5572;1,558
2011-07-05 13:04:48.43;1,5629;1,5637
2011-07-06 13:09:35.755;1,5654;1,5662
2011-07-07 13:10:09.435;1,5573;1,5581
2011-07-08 13:10:10.169;1,5626;1,5634
2011-07-11 13:11:00.684;1,5788;1,5796
2011-07-12 13:08:36.713;1,5765;1,5773
2011-07-13 13:09:09.112;1,5754;1,5762
2011-07-14 13:11:58.463;1,5721;1,5729
2011-07-15 13:09:20.17;1,5735;1,5743
2011-07-18 13:11:45.034;1,582;1,5828
2011-07-19 13:08:56.977;1,5683;1,5691
2011-07-20 13:10:00.322;1,5643;1,5651
2011-07-21 13:04:38.608;1,5559;1,5567
2011-07-22 13:08:06.724;1,5539;1,5547
2011-07-25 13:09:00.439;1,5441;1,5449
2011-07-26 13:03:39.063;1,5337;1,5345
2011-07-27 13:06:54.21;1,5631;1,5639
2011-07-28 13:08:28.709;1,5643;1,5651
2011-07-29 13:04:45.407;1,5555;1,5563
2011-08-01 13:11:36.533;1,5543;1,5551
2011-08-02 13:11:02.987;1,5648;1,5656
2011-08-03 13:07:58.994;1,5643;1,5651
2011-08-04 13:09:50.54;1,5744;1,5752
2011-08-05 13:04:04.938;1,5887;1,5895
2011-08-08 13:03:44.781;1,5991;1,5999
2011-08-09 13:03:08.0;1,6326;1,6334
2011-08-10 13:12:03.089;1,6175;1,6183
2011-08-11 13:11:20.856;1,6298;1,6306
2011-08-12 13:08:43.513;1,6149;1,6157
2011-08-15 13:09:44.536;1,5948;1,5956
2011-08-16 13:03:42.014;1,591;1,5918
2011-08-17 13:12:21.859;1,5822;1,583
2011-08-18 13:08:50.639;1,6054;1,6062
2011-08-19 13:07:38.763;1,5952;1,596
2011-08-22 13:08:10.436;1,6001;1,6009
2011-08-23 13:03:20.586;1,6028;1,6036
2011-08-24 13:07:34.564;1,6031;1,6039
2011-08-25 13:03:40.505;1,6146;1,6154
2011-08-26 13:17:30.445;1,6106;1,6114
2011-08-29 13:12:19.089;1,5966;1,5974
2011-08-30 13:02:57.467;1,5896;1,5904
2011-08-31 13:03:26.273;1,5864;1,5872
2011-09-01 13:04:54.423;1,6032;1,604
2011-09-02 13:10:54.87;1,6335;1,6343
2011-09-05 13:11:57.494;1,6514;1,6522
2011-09-06 13:11:57.531;1,6575;1,6583
2011-09-08 13:09:51.542;1,6558;1,6566
2011-09-09 13:04:33.526;1,6766;1,6774
2011-09-12 13:07:53.666;1,6891;1,6899
2011-09-13 13:09:29.168;1,7119;1,7127
2011-09-14 13:04:43.218;1,728;1,7288
2011-09-15 13:11:51.26;1,7098;1,7106
2011-09-16 13:10:06.08;1,7114;1,7122
2011-09-19 13:07:09.912;1,7755;1,7763
2011-09-20 13:03:53.655;1,7862;1,787
2011-09-21 13:12:16.613;1,8272;1,828
2011-09-22 13:08:49.627;1,9008;1,9016
2011-09-23 13:09:31.466;1,8727;1,8735
2011-09-26 13:12:30.024;1,8437;1,8445
2011-09-27 13:05:39.776;1,8;1,8008
2011-09-28 13:03:52.032;1,8123;1,8131
2011-09-29 13:12:28.015;1,8283;1,8291
2011-09-30 13:03:01.646;1,8536;1,8544
2011-10-03 13:07:55.576;1,8804;1,8811
2011-10-04 13:09:35.6;1,8848;1,8856
2011-10-05 13:06:43.326;1,8449;1,8456
2011-10-06 13:02:42.892;1,8109;1,8116
2011-10-07 13:05:42.778;1,7659;1,7666
2011-10-10 13:06:56.988;1,7471;1,7478
2011-10-11 13:09:20.377;1,7652;1,7658
2011-10-13 13:04:50.306;1,7529;1,7536
2011-10-14 13:05:18.216;1,7369;1,7376
2011-10-17 13:35:32.688;1,7481;1,7488
2011-10-18 13:09:22.852;1,7717;1,7724
2011-10-19 13:06:36.376;1,7597;1,7604
2011-10-20 13:05:45.658;1,7819;1,7826
2011-10-21 13:10:20.162;1,7796;1,7803
2011-10-24 13:02:48.352;1,7761;1,7768
2011-10-25 13:02:50.199;1,7541;1,7548
2011-10-26 13:15:58.735;1,7599;1,7606
2011-10-27 13:09:00.094;1,7316;1,7323
2011-10-28 13:07:14.779;1,6979;1,6986
2011-10-31 13:09:33.819;1,6878;1,6885
2011-11-01 13:05:18.463;1,7499;1,7506
2011-11-03 13:08:31.379;1,7262;1,727
2011-11-04 13:17:53.856;1,7408;1,7415
2011-11-07 13:29:35.587;1,7496;1,7503
2011-11-08 13:11:28.113;1,7446;1,7453
2011-11-09 13:11:08.066;1,751;1,7516
2011-11-10 13:08:10.795;1,7603;1,761
2011-11-11 13:05:13.248;1,754;1,7547
2011-11-14 13:06:15.392;1,7642;1,7649
2011-11-16 13:07:09.761;1,7765;1,7772
2011-11-17 13:08:47.742;1,7767;1,7775
2011-11-18 13:03:27.595;1,7716;1,7723
2011-11-21 13:10:51.25;1,8053;1,8061
2011-11-22 13:11:51.822;1,8062;1,8069
2011-11-23 13:06:39.379;1,8434;1,8441
2011-11-24 13:11:03.581;1,8652;1,866
2011-11-25 13:06:57.642;1,893;1,8937
2011-11-28 13:10:49.829;1,859;1,8596
2011-11-29 13:10:05.039;1,8478;1,8486
2011-11-30 13:10:04.474;1,8102;1,8109
2011-12-01 13:04:08.357;1,7922;1,7929
2011-12-02 13:06:02.917;1,7836;1,7843
2011-12-05 13:03:44.254;1,7823;1,783
2011-12-06 13:10:57.813;1,7906;1,7913
2011-12-07 13:12:30.157;1,7974;1,798
2011-12-08 13:02:47.737;1,7934;1,7941
2011-12-09 13:04:38.022;1,8123;1,813
2011-12-12 13:04:51.472;1,8211;1,8219
2011-12-13 13:09:57.807;1,8403;1,8409
2011-12-14 13:12:01.764;1,8721;1,8728
2011-12-15 13:13:04.435;1,8602;1,8609
2011-12-16 13:11:34.63;1,8458;1,8465
2011-12-19 13:04:36.348;1,8608;1,8616
2011-12-20 13:11:42.104;1,8501;1,8508
2011-12-21 13:06:53.845;1,855;1,8556
2011-12-22 13:11:34.419;1,8571;1,8578
2011-12-23 13:08:21.163;1,8554;1,856
2011-12-26 13:05:19.379;1,8559;1,8566
2011-12-27 13:10:52.594;1,8578;1,8585
2011-12-28 13:16:42.805;1,8626;1,8634
2011-12-29 13:12:34.052;1,8751;1,8758
2011-12-30 13:02:18.36;1,8751;1,8758
2012-01-02 13:05:50.33;1,8676;1,8683
2012-01-03 13:06:40.81;1,845;1,8457
2012-01-04 13:09:47.168;1,8265;1,8272
2012-01-05 13:15:24.169;1,8365;1,8371
2012-01-06 13:09:54.909;1,8442;1,8449
2012-01-09 13:03:03.456;1,8435;1,8442
2012-01-10 13:07:18.925;1,8036;1,8042
2012-01-11 13:06:42.05;1,8041;1,8048
2012-01-12 13:05:39.135;1,7867;1,7874
2012-01-13 13:06:08.708;1,7846;1,7853
2012-01-16 13:11:59.959;1,783;1,7836
2012-01-17 13:06:49.186;1,7754;1,776
2012-01-18 13:03:43.507;1,7785;1,7791
2012-01-19 13:11:01.447;1,7642;1,7648
2012-01-20 13:14:44.895;1,7664;1,767
2012-01-23 13:09:51.481;1,7521;1,7528
2012-01-24 13:07:59.839;1,7643;1,7649
2012-01-25 13:08:37.885;1,7623;1,7632
2012-01-26 13:10:36.13;1,7382;1,7389
2012-01-27 13:06:41.869;1,7429;1,7436
2012-01-30 13:07:56.243;1,7502;1,7509
2012-01-31 13:06:53.837;1,7385;1,7391
2012-02-01 13:10:38.372;1,737;1,7376
2012-02-02 13:03:57.977;1,732;1,7326
2012-02-03 13:19:12.618;1,7216;1,7223
2012-02-06 13:04:07.056;1,7243;1,7249
2012-02-07 13:17:40.692;1,7255;1,7261
2012-02-08 13:08:35.216;1,7189;1,7195
2012-02-09 13:08:09.603;1,7219;1,7225
2012-02-10 13:04:52.52;1,7254;1,726
2012-02-13 13:09:34.485;1,7162;1,7169
2012-02-14 13:10:34.1;1,7167;1,7173
2012-02-15 13:11:31.307;1,7151;1,7158
2012-02-16 13:10:39.133;1,732;1,7326
2012-02-17 13:09:26.764;1,713;1,7136
2012-02-22 15:39:50.501;1,7069;1,7076
2012-02-23 13:09:35.692;1,7033;1,704
2012-02-24 13:07:15.779;1,7091;1,7098
2012-02-27 13:09:42.579;1,7082;1,7088
2012-02-28 13:10:45.926;1,7017;1,7024
2012-02-29 13:08:07.822;1,7086;1,7092
2012-03-01 13:03:06.261;1,7146;1,7152
2012-03-02 13:13:36.296;1,7239;1,7245
2012-03-05 13:13:57.363;1,7308;1,7314
2012-03-06 13:07:40.489;1,755;1,7556
2012-03-07 13:25:37.129;1,7685;1,7692
2012-03-08 13:10:26.511;1,7691;1,7697
2012-03-09 13:12:42.747;1,7761;1,7767
2012-03-12 13:10:40.643;1,8151;1,8157
2012-03-13 13:08:42.824;1,8096;1,8102
2012-03-14 13:04:35.995;1,814;1,8146
2012-03-15 13:08:17.387;1,8;1,8006
2012-03-16 13:04:52.627;1,8012;1,8018
2012-03-19 13:08:02.645;1,8084;1,809
2012-03-20 13:13:13.647;1,8253;1,8259
2012-03-21 13:10:05.341;1,8261;1,8267
2012-03-22 13:10:55.008;1,8244;1,825
2012-03-23 13:12:25.954;1,8188;1,8194
2012-03-26 13:04:56.971;1,8137;1,8143
2012-03-27 13:03:38.522;1,8129;1,8135
2012-03-28 13:03:40.925;1,8217;1,8223
2012-03-29 13:03:47.601;1,8327;1,8334
2012-03-30 13:04:52.954;1,8215;1,8221
2012-04-02 13:06:09.662;1,8308;1,8314
2012-04-03 13:14:03.675;1,825;1,8256
2012-04-04 13:07:42.576;1,831;1,8316
2012-04-05 13:07:20.249;1,8295;1,8301
2012-04-09 13:11:54.878;1,8254;1,826
2012-04-10 13:22:36.488;1,8311;1,8317
2012-04-11 13:10:59.644;1,8297;1,8303
2012-04-12 13:02:46.618;1,8264;1,827
2012-04-13 13:03:53.134;1,8358;1,8364
2012-04-16 13:07:45.05;1,8367;1,8373
2012-04-17 13:06:03.333;1,8447;1,8454
2012-04-18 13:06:30.658;1,8688;1,8694
2012-04-19 13:24:27.497;1,8861;1,8867
2012-04-20 13:09:05.314;1,878;1,8786
2012-04-23 13:11:35.212;1,8858;1,8864
2012-04-24 13:05:49.959;1,8774;1,878
2012-04-25 13:07:46.207;1,8801;1,8807
2012-04-26 13:10:39.47;1,8864;1,8871
2012-04-27 13:05:49.878;1,8846;1,8852
2012-04-30 13:08:23.679;1,8912;1,8918
2012-05-02 13:10:47.061;1,9143;1,9149
2012-05-03 13:08:56.485;1,9271;1,9277
2012-05-04 13:04:12.284;1,9204;1,921
2012-05-07 13:02:50.117;1,9262;1,9268
2012-05-08 13:09:44.429;1,936;1,9366
2012-05-09 13:10:31.978;1,9571;1,9577
2012-05-10 13:10:32.071;1,9576;1,9581
2012-05-11 13:08:38.786;1,9507;1,9513
2012-05-14 13:03:51.591;1,986;1,9866
2012-05-15 13:11:45.824;1,9941;1,9947
2012-05-16 13:10:34.092;1,9968;1,9974
2012-05-17 13:04:42.154;1,9967;1,9973
2012-05-18 13:04:50.927;2,0088;2,0095
2012-05-21 13:08:18.965;2,0368;2,0374
2012-05-22 13:06:35.864;2,0487;2,0493
2012-05-23 13:03:02.436;2,0809;2,0816
2012-05-24 13:04:50.936;2,0378;2,0384
2012-05-25 13:12:09.233;2,0026;2,0032
2012-05-28 13:05:53.683;1,9772;1,9778
2012-05-29 13:08:32.962;1,9938;1,9944
2012-05-30 13:07:56.689;2,0072;2,0078
2012-05-31 13:06:47.679;2,0217;2,0223
2012-06-01 13:07:39.285;2,0344;2,035
2012-06-04 13:03:31.977;2,0404;2,041
2012-06-05 13:04:46.994;2,0259;2,0266
2012-06-06 13:09:41.912;2,0176;2,0183
2012-06-08 13:03:46.106;2,0347;2,0353
2012-06-11 13:11:37.227;2,0342;2,0348
2012-06-12 13:05:37.072;2,0558;2,0564
2012-06-13 13:09:33.795;2,0597;2,0604
2012-06-14 13:07:52.354;2,0685;2,0691
2012-06-15 13:09:52.542;2,0437;2,0443
2012-06-18 13:07:48.818;2,0628;2,0634
2012-06-19 13:09:48.593;2,0433;2,044
2012-06-20 13:04:35.416;2,0287;2,0293
2012-06-21 13:10:52.849;2,0357;2,0363
2012-06-22 13:04:38.883;2,0549;2,0555
2012-06-25 13:09:44.048;2,0712;2,0718
2012-06-26 13:03:31.331;2,0737;2,0743
2012-06-27 13:03:17.274;2,0758;2,0764
2012-06-28 13:03:57.013;2,0897;2,0904
2012-06-29 13:06:39.994;2,0207;2,0213
2012-07-02 13:03:53.879;1,9887;1,9893
2012-07-03 13:08:37.173;1,9882;1,9888
2012-07-04 13:06:00.702;2,0195;2,0201
2012-07-05 13:10:37.739;2,0287;2,0292
2012-07-06 13:15:52.457;2,0353;2,0359
2012-07-09 13:05:41.518;2,0303;2,0312
2012-07-10 13:05:39.112;2,0327;2,0332
2012-07-11 13:08:01.948;2,0304;2,031
2012-07-12 13:04:46.58;2,0465;2,0471
2012-07-13 13:11:35.409;2,0332;2,0338
2012-07-16 13:12:00.272;2,0375;2,038
2012-07-17 13:10:42.5;2,0343;2,0349
2012-07-18 13:05:23.02;2,0253;2,0258
2012-07-19 13:02:57.837;2,0233;2,0239
2012-07-20 13:09:36.573;2,022;2,0227
2012-07-23 13:05:39.361;2,0406;2,0412
2012-07-24 13:04:44.263;2,0413;2,0418
2012-07-25 13:15:16.104;2,0397;2,0403
2012-07-26 13:12:05.226;2,0249;2,0255
2012-07-27 13:11:46.204;2,0167;2,0173
2012-07-30 13:14:56.836;2,0308;2,0313
2012-07-31 13:08:41.021;2,0494;2,0499
2012-08-01 13:07:38.649;2,0426;2,0432
2012-08-02 13:09:51.083;2,047;2,0475
2012-08-03 13:25:30.324;2,0307;2,0313
2012-08-06 13:04:18.003;2,0273;2,0279
2012-08-07 13:11:31.708;2,0276;2,0281
2012-08-08 13:04:31.131;2,0267;2,0273
2012-08-09 13:07:56.109;2,0177;2,0182
2012-08-10 13:08:47.353;2,0169;2,0175
2012-08-13 13:10:44.791;2,026;2,0266
2012-08-14 13:09:13.346;2,0252;2,0258
2012-08-15 13:03:03.059;2,0228;2,0234
2012-08-16 13:10:59.843;2,0208;2,0214
2012-08-17 13:03:04.14;2,0176;2,0182
2012-08-20 13:06:51.451;2,0203;2,0209
2012-08-21 13:06:45.512;2,0167;2,0173
2012-08-22 13:11:47.192;2,0204;2,021
2012-08-23 13:10:51.317;2,0236;2,0241
2012-08-24 13:11:02.456;2,025;2,0255
2012-08-27 13:04:13.812;2,0287;2,0293
2012-08-28 13:03:36.899;2,0427;2,0433
2012-08-29 13:09:00.274;2,0503;2,0509
2012-08-30 13:12:22.969;2,0507;2,0513
2012-08-31 13:04:17.112;2,0366;2,0372
2012-09-03 13:05:23.759;2,0329;2,0335
2012-09-04 13:06:32.234;2,0386;2,0392
2012-09-05 13:07:55.1;2,038;2,0385
2012-09-06 13:05:55.524;2,0375;2,0381
2012-09-10 13:14:23.718;2,0235;2,0241
2012-09-11 13:13:23.284;2,0192;2,0197
2012-09-12 13:06:51.866;2,0198;2,0204
2012-09-13 13:09:25.713;2,0249;2,0254
2012-09-14 13:10:43.711;2,0133;2,0139
2012-09-17 13:02:51.765;2,0306;2,0312
2012-09-18 13:04:55.303;2,0268;2,0274
2012-09-19 13:11:47.666;2,023;2,0236
2012-09-20 13:07:46.598;2,0257;2,0263
2012-09-21 13:10:56.69;2,0235;2,024
2012-09-24 13:09:17.49;2,0267;2,0273
2012-09-25 13:07:05.73;2,0245;2,0251
2012-09-26 13:06:47.502;2,0335;2,0341
2012-09-27 13:04:47.527;2,0305;2,0311
2012-09-28 13:05:37.858;2,03;2,0306
2012-10-01 13:08:57.092;2,0254;2,026
2012-10-02 13:06:45.35;2,026;2,0266
2012-10-03 13:04:03.46;2,026;2,0266
2012-10-04 13:11:52.055;2,0218;2,0224
2012-10-05 13:10:34.877;2,024;2,0246
2012-10-08 13:11:57.283;2,0307;2,0313
2012-10-09 13:03:07.756;2,0331;2,0337
2012-10-10 13:11:09.14;2,0373;2,0378
2012-10-11 13:06:49.893;2,0363;2,0369
2012-10-15 13:07:47.926;2,0377;2,0382
2012-10-16 13:07:01.119;2,0345;2,0351
2012-10-17 13:06:00.648;2,033;2,0336
2012-10-18 13:07:59.117;2,029;2,0295
2012-10-19 13:10:43.111;2,0266;2,0272
2012-10-22 13:04:46.768;2,026;2,0266
2012-10-23 13:11:41.764;2,0281;2,0286
2012-10-24 13:05:52.663;2,0257;2,0263
2012-10-25 13:11:34.399;2,0256;2,0261
2012-10-26 13:08:42.618;2,0257;2,0263
2012-10-29 13:04:05.412;2,0291;2,0296
2012-10-30 13:06:31.577;2,0318;2,0323
2012-10-31 13:04:57.183;2,0308;2,0313
2012-11-01 13:03:49.665;2,0306;2,0312
2012-11-05 14:14:17.151;2,0344;2,035
2012-11-06 13:11:00.375;2,0336;2,0341
2012-11-07 13:35:49.065;2,0324;2,033
2012-11-08 13:10:38.177;2,0352;2,0357
2012-11-09 13:03:59.419;2,0507;2,0512
2012-11-12 13:11:44.941;2,047;2,0476
2012-11-13 13:06:45.484;2,0609;2,0614
2012-11-14 13:05:05.917;2,0624;2,0629
2012-11-16 13:05:52.384;2,0706;2,0712
2012-11-19 13:05:45.884;2,074;2,0745
2012-11-20 13:03:31.07;2,0827;2,0835
2012-11-21 13:02:57.044;2,0918;2,0924
2012-11-22 13:03:39.358;2,0907;2,0912
2012-11-23 13:04:55.46;2,098;2,0985
2012-11-26 13:04:48.903;2,0782;2,0787
2012-11-27 13:11:44.727;2,0746;2,0752
2012-11-28 13:10:49.826;2,0907;2,0912
2012-11-29 13:08:45.623;2,0986;2,0991
2012-11-30 13:09:48.125;2,1068;2,1074
2012-12-03 13:02:51.743;2,1115;2,1121
2012-12-04 13:06:57.763;2,1072;2,1077
2012-12-05 13:11:05.21;2,104;2,1046
2012-12-06 13:11:44.204;2,0831;2,0836
2012-12-07 13:10:07.654;2,0798;2,0804
2012-12-10 13:05:22.246;2,0804;2,081
2012-12-11 14:07:11.333;2,0737;2,0743
2012-12-12 13:06:24.69;2,0795;2,0801
2012-12-13 13:17:09.867;2,0745;2,0751
2012-12-14 13:09:43.002;2,0834;2,084
2012-12-17 13:08:09.604;2,0896;2,0902
2012-12-18 13:05:48.066;2,096;2,0966
2012-12-19 13:08:42.751;2,0785;2,0791
2012-12-20 13:10:43.331;2,062;2,0625
2012-12-21 13:10:23.308;2,0751;2,0758
2012-12-24 11:13:16.864;2,0767;2,0774
2012-12-26 13:07:45.778;2,0563;2,0569
2012-12-27 13:08:53.85;2,0477;2,0483
2012-12-28 13:10:47.39;2,0429;2,0435
2012-12-31 11:04:48.434;2,0429;2,0435
2013-01-02 13:05:48.249;2,0409;2,0415
2013-01-03 13:10:38.68;2,0458;2,0464
2013-01-04 13:11:43.935;2,0419;2,0425
2013-01-07 13:06:51.118;2,0306;2,0312
2013-01-08 13:02:55.261;2,028;2,0286
2013-01-09 13:07:45.947;2,0411;2,0417
2013-01-10 13:06:41.511;2,0352;2,0358
2013-01-11 13:10:35.899;2,0335;2,0341
2013-01-14 13:09:43.286;2,0328;2,0334
2013-01-15 13:06:39.404;2,0368;2,0374
2013-01-16 13:10:16.782;2,0403;2,0409
2013-01-17 13:02:55.259;2,0405;2,0411
2013-01-18 13:12:12.117;2,0435;2,0441
2013-01-21 13:34:30.918;2,0415;2,042
2013-01-22 13:05:53.572;2,0466;2,0471
2013-01-23 13:07:15.162;2,0388;2,0394
2013-01-24 13:09:40.829;2,0338;2,0344
2013-01-25 13:04:58.866;2,0277;2,0285
2013-01-28 13:03:00.518;2,0235;2,0241
2013-01-29 13:08:36.467;1,9906;1,9912
2013-01-30 13:08:50.25;1,9894;1,99
2013-01-31 13:11:41.77;1,9877;1,9883
2013-02-01 13:02:58.868;1,9838;1,9843
2013-02-04 13:04:25.033;1,9888;1,9893
2013-02-05 13:09:50.471;1,9875;1,9881
2013-02-06 13:07:47.514;1,9878;1,9884
2013-02-07 13:03:51.969;1,9783;1,9789
2013-02-08 13:08:58.455;1,963;1,9636
2013-02-13 15:07:51.525;1,9665;1,967
2013-02-14 13:09:35.621;1,966;1,9666
2013-02-15 13:03:24.43;1,9594;1,96
2013-02-18 13:03:52.256;1,967;1,9676
2013-02-19 13:08:01.687;1,9591;1,9597
2013-02-20 13:08:45.533;1,9564;1,957
2013-02-21 13:13:20.084;1,9715;1,972
2013-02-22 13:03:02.142;1,9699;1,9705
2013-02-25 13:10:09.342;1,967;1,9676
2013-02-26 13:06:54.78;1,9812;1,9818
2013-02-27 13:11:43.577;1,9801;1,9807
2013-02-28 13:11:51.961;1,9749;1,9754
2013-03-01 13:12:05.871;1,9843;1,9848
2013-03-04 13:08:50.693;1,9822;1,9827
2013-03-05 13:04:46.767;1,9688;1,9693
2013-03-06 13:07:01.842;1,9668;1,9673
2013-03-07 13:08:47.273;1,9636;1,9642
2013-03-08 13:04:53.34;1,9522;1,9528
2013-03-11 13:10:38.26;1,9546;1,9552
2013-03-12 13:03:36.02;1,9579;1,9585
2013-03-13 13:26:39.778;1,9614;1,9619
2013-03-14 13:10:44.779;1,9671;1,9676
2013-03-15 13:03:34.959;1,9743;1,9749
2013-03-18 13:08:53.125;1,9865;1,9871
2013-03-19 13:08:43.599;1,9824;1,983
2013-03-20 13:20:57.344;1,9862;1,9868
2013-03-21 13:07:47.224;1,9925;1,9931
2013-03-22 13:11:39.362;2,012;2,0126
2013-03-25 13:11:21.009;2,0134;2,014
2013-03-26 13:09:46.688;2,0081;2,0087
2013-03-27 13:03:02.787;2,0179;2,0185
2013-03-28 17:10:23.298;2,0132;2,0138
2013-04-01 13:06:00.107;2,018;2,0186
2013-04-02 13:10:38.909;2,0173;2,0179
2013-04-03 13:06:51.864;2,0233;2,0239
2013-04-04 13:11:41.754;2,0195;2,0201
2013-04-05 13:08:36.695;2,0029;2,0035
2013-04-08 13:05:41.346;1,9897;1,9902
2013-04-09 13:04:47.735;1,9855;1,9861
2013-04-10 13:04:07.374;1,9804;1,981
2013-04-11 13:03:06.282;1,9731;1,9736
2013-04-12 13:07:09.361;1,9755;1,9761
2013-04-15 13:06:44.386;1,9784;1,979
2013-04-16 13:15:40.278;1,9897;1,9903
2013-04-17 13:09:42.788;1,9933;1,9939
2013-04-18 13:10:34.037;2,0146;2,0152
2013-04-19 13:09:42.607;2,0084;2,0089
2013-04-22 13:10:37.761;2,0148;2,0154
2013-04-23 13:07:06.482;2,0164;2,017
2013-04-24 13:03:32.339;2,0238;2,0244
2013-04-25 13:07:34.238;2,0114;2,0119
2013-04-26 13:09:38.749;1,9995;2,0001
2013-04-29 13:06:37.983;1,9993;1,9999
2013-04-30 13:04:54.305;2,0011;2,0017
2013-05-02 13:09:07.634;2,0089;2,0095
2013-05-03 13:08:42.915;2,0088;2,0093
2013-05-06 13:03:17.783;2,0137;2,0143
2013-05-07 13:11:30.968;2,0104;2,011
2013-05-08 13:09:42.179;2,0024;2,003
2013-05-09 13:07:19.24;2,0046;2,0051
2013-05-10 13:08:03.868;2,0225;2,0231
2013-05-13 13:05:34.22;2,0144;2,015
2013-05-14 13:12:38.797;2,0057;2,0063
2013-05-15 13:05:34.756;2,0227;2,0233
2013-05-16 13:05:13.681;2,0249;2,0254
2013-05-17 13:06:08.967;2,0348;2,0354
2013-05-20 13:17:52.422;2,0328;2,0333
2013-05-21 13:12:23.111;2,0396;2,0402
2013-05-22 13:02:43.822;2,0381;2,0387
2013-05-23 13:08:03.228;2,0531;2,0537
2013-05-24 13:06:38.11;2,0489;2,0495
2013-05-27 13:05:04.56;2,0521;2,0527
2013-05-28 13:04:48.674;2,061;2,0616
2013-05-29 13:11:05.54;2,0888;2,0894
2013-05-31 13:03:28.875;2,1314;2,1319
2013-06-03 13:12:34.501;2,1349;2,1355
2013-06-04 13:11:46.735;2,1276;2,1282
2013-06-05 13:04:53.222;2,1229;2,1235
2013-06-06 13:04:28.649;2,1244;2,125
2013-06-07 13:10:27.178;2,1367;2,1372
2013-06-10 13:10:35.055;2,1501;2,1506
2013-06-11 13:05:14.791;2,1515;2,1521
2013-06-12 13:05:52.447;2,1415;2,142
2013-06-13 13:10:33.803;2,1441;2,1447
2013-06-14 13:08:36.438;2,1361;2,1367
2013-06-17 13:11:26.953;2,1532;2,1538
2013-06-18 13:11:42.454;2,17;2,1706
2013-06-19 13:10:45.316;2,1738;2,1744
2013-06-20 13:10:09.518;2,2517;2,2523
2013-06-21 13:10:01.465;2,2642;2,2648
2013-06-24 13:06:12.036;2,2509;2,2515
2013-06-25 13:05:55.868;2,218;2,2185
2013-06-26 13:07:03.147;2,1969;2,1975
2013-06-27 13:09:07.487;2,184;2,1846
2013-06-28 13:07:33.739;2,215;2,2156
2013-07-01 13:10:01.089;2,2292;2,2297
2013-07-02 13:10:55.736;2,2407;2,2412
2013-07-03 13:05:58.332;2,2628;2,2634
2013-07-04 13:05:10.433;2,2589;2,2595
2013-07-05 13:02:49.803;2,2639;2,2645
2013-07-08 13:09:38.944;2,2577;2,2583
2013-07-09 13:09:51.629;2,2615;2,2628
2013-07-10 13:12:34.293;2,2691;2,2697
2013-07-11 13:12:12.219;2,2666;2,2672
2013-07-12 13:11:39.968;2,2664;2,267
2013-07-15 13:05:40.09;2,2543;2,2548
2013-07-16 13:09:20.936;2,2347;2,2353
2013-07-17 13:07:40.106;2,2366;2,2372
2013-07-18 13:04:32.103;2,2291;2,2297
2013-07-19 13:06:51.771;2,2358;2,2364
2013-07-22 13:06:14.399;2,238;2,2386
2013-07-23 13:09:54.424;2,2261;2,2267
2013-07-24 13:02:53.498;2,2342;2,2348
2013-07-25 13:09:58.91;2,2491;2,2497
2013-07-26 13:04:40.197;2,2483;2,2488
2013-07-29 13:05:33.314;2,2603;2,2609
2013-07-30 13:07:35.722;2,2729;2,2734
2013-07-31 13:10:42.07;2,2897;2,2903
2013-08-01 13:07:33.478;2,2908;2,2914
2013-08-02 13:07:22.068;2,2927;2,2933
2013-08-05 13:02:38.648;2,3004;2,301
2013-08-06 13:11:39.058;2,2949;2,2955
2013-08-07 13:11:39.845;2,3022;2,3028
2013-08-08 13:05:19.298;2,2876;2,2882
2013-08-09 13:10:34.326;2,2743;2,2748
2013-08-12 13:05:38.69;2,2716;2,2722
2013-08-13 13:09:02.541;2,3029;2,3035
2013-08-14 13:04:50.433;2,3112;2,3118
2013-08-15 13:04:41.405;2,3428;2,3434
2013-08-16 13:08:14.75;2,3559;2,3565
2013-08-19 13:07:52.274;2,3974;2,398
2013-08-20 13:08:36.278;2,3937;2,3943
2013-08-21 13:07:35.9;2,4163;2,4169
2013-08-22 13:07:56.171;2,4451;2,4457
2013-08-23 13:11:19.136;2,3862;2,3868
2013-08-26 13:12:08.484;2,3699;2,3705
2013-08-27 13:10:44.066;2,3992;2,3998
2013-08-28 13:10:01.787;2,3509;2,3515
2013-08-29 13:07:46.549;2,3572;2,3578
2013-08-30 13:05:48.122;2,3719;2,3725
2013-09-02 13:11:12.1;2,3637;2,3643
2013-09-03 13:10:31.929;2,3891;2,3897
2013-09-04 13:17:51.465;2,3532;2,3538
2013-09-05 13:09:50.58;2,3308;2,3314
2013-09-06 13:11:42.806;2,2973;2,2979
2013-09-09 13:05:45.114;2,2862;2,2868
2013-09-10 13:04:39.795;2,2773;2,2779
2013-09-11 13:07:11.41;2,2941;2,2947
2013-09-12 13:06:37.019;2,2763;2,2769
2013-09-13 13:03:39.421;2,2779;2,2785
2013-09-16 13:07:28.572;2,2643;2,2649
2013-09-17 13:04:53.71;2,2611;2,2617
2013-09-18 13:08:10.556;2,2483;2,2489
2013-09-19 13:11:02.9;2,2029;2,2036
2013-09-20 13:08:46.281;2,2047;2,2053
2013-09-23 13:11:51.921;2,2026;2,2033
2013-09-24 13:04:51.536;2,2025;2,2031
2013-09-25 13:07:56.346;2,2218;2,2224
2013-09-26 13:04:11.741;2,2279;2,2285
2013-09-27 13:06:38.822;2,2565;2,2571
2013-09-30 13:06:56.111;2,2294;2,23
2013-10-01 13:06:16.964;2,2118;2,2123
2013-10-02 13:03:57.168;2,2082;2,2088
2013-10-03 13:07:59.609;2,2063;2,2069
2013-10-04 13:05:03.63;2,2045;2,2051
2013-10-07 13:06:19.492;2,2081;2,2087
2013-10-08 13:11:09.717;2,201;2,2016
2013-10-09 13:13:44.888;2,2048;2,2054
2013-10-10 13:13:00.133;2,1844;2,185
2013-10-11 13:10:09.702;2,1815;2,1821
2013-10-14 13:12:32.447;2,1811;2,1817
2013-10-15 13:13:20.909;2,1812;2,1818
2013-10-16 13:09:45.137;2,1623;2,1629
2013-10-17 13:05:59.706;2,1605;2,1611
2013-10-18 13:07:45.069;2,161;2,1616
2013-10-21 13:10:06.671;2,1732;2,1738
2013-10-22 13:08:47.607;2,1754;2,176
2013-10-23 13:05:02.191;2,1821;2,1826
2013-10-24 13:08:52.282;2,1997;2,2003
2013-10-25 13:09:16.031;2,1842;2,1848
2013-10-28 13:11:25.151;2,184;2,1846
2013-10-29 13:09:59.136;2,1798;2,1804
2013-10-30 13:15:18.648;2,1882;2,1888
2013-10-31 13:08:13.714;2,202;2,2026
2013-11-01 13:10:04.197;2,2462;2,2468
2013-11-04 13:03:35.824;2,242;2,2426
2013-11-05 13:08:38.167;2,2741;2,2747
2013-11-06 13:03:27.898;2,2779;2,2785
2013-11-07 13:04:46.898;2,2819;2,2825
2013-11-08 13:02:43.426;2,3164;2,317
2013-11-11 13:08:43.459;2,3136;2,3142
2013-11-12 13:02:40.589;2,3356;2,3362
2013-11-13 13:03:58.793;2,3228;2,3234
2013-11-14 13:03:38.38;2,3283;2,3289
2013-11-18 13:06:52.085;2,2822;2,2828
2013-11-19 13:07:49.213;2,2656;2,2662
2013-11-20 13:03:01.101;2,2713;2,2726
2013-11-21 13:11:30.998;2,3061;2,3067
2013-11-22 13:04:40.77;2,2906;2,2913
2013-11-25 13:08:41.684;2,2865;2,2871
2013-11-26 13:02:46.322;2,3034;2,304
2013-11-27 13:10:51.775;2,3052;2,3058
2013-11-28 13:03:23.167;2,3202;2,3208
2013-11-29 13:11:55.078;2,3243;2,3249
2013-12-02 13:11:36.053;2,3443;2,3449
2013-12-03 13:04:57.306;2,3552;2,3558
2013-12-04 13:06:08.912;2,3734;2,374
2013-12-05 13:11:37.072;2,3741;2,3747
2013-12-06 13:03:55.26;2,3519;2,3525
2013-12-09 13:09:05.576;2,3218;2,3225
2013-12-10 13:07:35.282;2,3096;2,3102
2013-12-11 13:11:38.507;2,3256;2,3262
2013-12-12 13:10:04.219;2,3333;2,3338
2013-12-13 13:05:46.705;2,3348;2,3354
2013-12-16 13:11:36.612;2,3249;2,3255
2013-12-17 13:05:43.126;2,3215;2,3221
2013-12-18 13:11:36.166;2,3268;2,3274
2013-12-19 13:05:47.954;2,3522;2,3528
2013-12-20 13:10:03.427;2,3811;2,3817
2013-12-23 13:11:16.192;2,37;2,3706
2013-12-24 11:03:55.493;2,3543;2,3554
2013-12-26 13:11:09.577;2,3501;2,3507
2013-12-27 13:08:58.285;2,3532;2,3538
2013-12-30 13:02:57.967;2,342;2,3426
2013-12-31 11:03:18.266;2,342;2,3426
2014-01-02 13:04:36.708;2,3969;2,3975
2014-01-03 13:03:27.555;2,3734;2,3741
2014-01-06 13:09:49.431;2,3783;2,3789
2014-01-07 13:17:29.96;2,3628;2,3634
2014-01-08 13:11:11.604;2,3773;2,3779
2014-01-09 13:02:45.933;2,3954;2,396
2014-01-10 13:09:45.784;2,3813;2,3819
2014-01-13 13:04:39.67;2,3485;2,3491
2014-01-14 13:08:46.792;2,3611;2,3617
2014-01-15 13:02:33.618;2,3465;2,347
2014-01-16 13:13:32.79;2,3677;2,3683
2014-01-17 13:09:41.933;2,3595;2,3601
2014-01-20 13:03:55.439;2,3329;2,3335
2014-01-21 13:11:28.685;2,3602;2,3608
2014-01-22 13:09:58.309;2,3595;2,3601
2014-01-23 13:18:51.237;2,3755;2,3761
2014-01-24 13:08:47.532;2,4123;2,4129
2014-01-27 13:06:42.498;2,4038;2,4044
2014-01-28 13:03:46.335;2,4159;2,4165
2014-01-29 13:12:17.122;2,439;2,4397
2014-01-30 13:08:40.702;2,4218;2,4224
2014-01-31 13:05:55.471;2,4257;2,4263
2014-02-03 13:09:29.876;2,4084;2,409
2014-02-04 13:17:10.946;2,4171;2,4177
2014-02-05 13:12:31.7;2,4101;2,4106
2014-02-06 13:11:22.836;2,4035;2,4041
2014-02-07 13:02:43.449;2,3811;2,3817
2014-02-10 13:03:47.13;2,393;2,3936
2014-02-11 13:10:51.842;2,407;2,4076
2014-02-12 13:08:31.42;2,408;2,4086
2014-02-13 13:04:36.405;2,4232;2,4238
2014-02-14 13:06:35.861;2,3919;2,3924
2014-02-17 13:04:58.544;2,3864;2,387
2014-02-18 13:04:34.221;2,3977;2,3983
2014-02-19 13:09:48.226;2,398;2,3986
2014-02-20 13:15:13.325;2,3793;2,3799
2014-02-21 13:07:44.359;2,3619;2,3625
2014-02-24 13:03:31.565;2,3385;2,3391
2014-02-25 13:13:15.245;2,3361;2,3367
2014-02-26 13:04:51.608;2,3448;2,3454
2014-02-27 13:13:34.734;2,3431;2,3436
2014-02-28 13:13:28.552;2,3327;2,3334
2014-03-05 15:04:49.127;2,3234;2,324
2014-03-06 13:07:39.84;2,3088;2,3094
2014-03-07 13:09:43.095;2,3376;2,3382
2014-03-10 13:03:43.522;2,3404;2,341
2014-03-11 13:03:41.99;2,3455;2,3461
2014-03-12 13:06:32.18;2,3643;2,3649
2014-03-13 13:09:26.159;2,348;2,3486
2014-03-14 13:10:41.871;2,3631;2,3638
2014-03-17 13:09:47.463;2,3513;2,3518
2014-03-18 13:09:29.089;2,3516;2,3522
2014-03-19 13:13:14.378;2,3333;2,3338
2014-03-20 13:09:32.167;2,3414;2,342
2014-03-21 13:02:54.65;2,3239;2,3245
2014-03-24 13:05:01.762;2,3242;2,3248
2014-03-25 13:02:43.426;2,3118;2,3124
2014-03-26 13:08:32.27;2,3113;2,3119
2014-03-27 13:11:37.693;2,2824;2,283
2014-03-28 13:10:27.749;2,2597;2,2603
2014-03-31 13:06:28.603;2,2624;2,263
2014-04-01 13:06:33.73;2,2614;2,262
2014-04-02 13:06:42.001;2,2705;2,2711
2014-04-03 13:13:35.103;2,2805;2,2811
2014-04-04 13:08:32.592;2,2414;2,242
2014-04-07 13:11:44.528;2,232;2,2326
2014-04-08 13:11:12.079;2,1968;2,1974
2014-04-09 13:07:31.791;2,2105;2,2111
2014-04-10 13:03:33.545;2,1982;2,1987
2014-04-11 13:08:32.718;2,2053;2,2059
2014-04-14 13:09:23.444;2,209;2,2096
2014-04-15 13:07:45.682;2,2251;2,2257
2014-04-16 13:02:41.079;2,2336;2,2342
2014-04-17 13:10:40.265;2,2476;2,2482
2014-04-22 13:11:46.284;2,2443;2,2449
2014-04-23 13:06:46.738;2,242;2,2426
2014-04-24 13:05:33.387;2,2223;2,2229
2014-04-25 13:09:32.442;2,2319;2,2325
2014-04-28 13:16:25.151;2,2364;2,237
2014-04-29 13:12:27.032;2,2193;2,2199
2014-04-30 13:05:05.542;2,2354;2,236
2014-05-02 13:03:37.96;2,2215;2,2221
2014-05-05 13:07:34.692;2,228;2,2286
2014-05-06 13:10:36.998;2,2316;2,2322
2014-05-07 13:14:12.884;2,2276;2,2282
2014-05-08 13:11:06.256;2,2101;2,2107
2014-05-09 13:09:49.932;2,2186;2,2192
2014-05-12 13:05:50.094;2,2158;2,2164
2014-05-13 13:07:35.024;2,2095;2,2101
2014-05-14 13:09:49.681;2,2123;2,2129
2014-05-15 13:10:39.677;2,216;2,2166
2014-05-16 13:08:07.88;2,2104;2,211
2014-05-19 13:05:10.696;2,2105;2,2111
2014-05-20 13:05:34.283;2,215;2,2156
2014-05-21 13:13:39.12;2,2105;2,2111
2014-05-22 13:07:46.127;2,2125;2,2131
2014-05-23 13:13:50.234;2,2181;2,2187
2014-05-26 13:07:29.336;2,2203;2,2209
2014-05-27 13:11:55.066;2,2348;2,2354
2014-05-28 13:10:31.786;2,2399;2,2405
2014-05-29 13:08:37.636;2,2245;2,2251
2014-05-30 13:05:41.094;2,2384;2,239
2014-06-02 13:10:08.194;2,2634;2,264
2014-06-03 13:14:20.454;2,2648;2,2654
2014-06-04 13:11:13.283;2,2796;2,2802
2014-06-05 13:11:46.429;2,2689;2,2695
2014-06-06 13:11:54.669;2,2439;2,2445
2014-06-09 13:14:19.297;2,233;2,2336
2014-06-10 13:11:07.623;2,229;2,2296
2014-06-11 13:16:57.878;2,2301;2,2307
2014-06-12 12:06:42.039;2,2298;2,2306
2014-06-13 13:11:30.371;2,2341;2,2347
2014-06-16 13:06:29.719;2,2307;2,2313
2014-06-17 12:06:40.622;2,248;2,2486
2014-06-18 13:03:45.933;2,2528;2,2534
2014-06-20 13:09:17.147;2,2374;2,238
2014-06-23 12:11:37.367;2,2189;2,2195
2014-06-24 13:06:31.521;2,2211;2,2217
2014-06-25 13:05:49.408;2,2046;2,2052
2014-06-26 13:11:36.91;2,2083;2,2089
2014-06-27 13:02:50.058;2,1969;2,1975
2014-06-30 13:08:44.466;2,2019;2,2025
2014-07-01 13:09:29.064;2,2048;2,2054
2014-07-02 13:04:33.296;2,2127;2,2134
2014-07-03 13:11:28.779;2,2275;2,2281
2014-07-04 12:11:32.032;2,2143;2,2149
2014-07-07 13:05:22.155;2,2195;2,2201
2014-07-08 12:07:32.591;2,2144;2,215
2014-07-09 13:11:46.803;2,2128;2,2139
2014-07-10 13:02:45.13;2,2231;2,2237
2014-07-11 13:11:36.466;2,2222;2,2228
2014-07-14 13:41:58.416;2,217;2,2176
2014-07-15 13:02:56.899;2,2189;2,2195
2014-07-16 13:05:44.519;2,2187;2,2193
2014-07-17 13:11:56.227;2,2397;2,2403
2014-07-18 13:02:42.743;2,2356;2,2362
2014-07-21 13:05:31.034;2,2232;2,2238
2014-07-22 13:07:42.776;2,2123;2,2129
2014-07-23 13:04:43.489;2,2196;2,2202
2014-07-24 13:04:42.984;2,2198;2,2204
2014-07-25 13:08:32.614;2,2287;2,2293
2014-07-28 13:09:20.305;2,2296;2,2302
2014-07-29 13:10:27.218;2,2272;2,2278
2014-07-30 13:07:44.328;2,2441;2,2447
2014-07-31 13:07:00.816;2,2668;2,2674
2014-08-01 13:09:28.709;2,26;2,2607
2014-08-04 13:08:08.847;2,2571;2,2577
2014-08-05 13:09:32.519;2,275;2,2756
2014-08-06 13:05:14.891;2,2784;2,279
2014-08-07 13:02:33.511;2,2796;2,2802
2014-08-08 13:08:27.9;2,298;2,2986
2014-08-11 13:06:30.729;2,2773;2,2779
2014-08-12 13:05:38.855;2,2764;2,277
2014-08-13 13:03:31.255;2,2686;2,2692
2014-08-14 13:08:02.18;2,2697;2,2703
2014-08-15 13:04:45.323;2,2684;2,269
2014-08-18 13:05:42.982;2,2589;2,2595
2014-08-19 13:04:34.078;2,2581;2,2587
2014-08-20 13:03:45.095;2,2544;2,255
2014-08-21 13:08:15.099;2,2576;2,2582
2014-08-22 13:09:47.942;2,2772;2,2778
2014-08-25 13:02:38.914;2,2802;2,2808
2014-08-26 13:05:37.553;2,2742;2,2748
2014-08-27 13:11:59.4;2,2585;2,2591
2014-08-28 13:04:33.121;2,2493;2,2499
2014-08-29 13:05:02.083;2,239;2,2396
2014-09-01 13:03:17.5;2,2358;2,2364
2014-09-02 13:06:36.646;2,2515;2,2521
2014-09-03 13:07:36.725;2,2313;2,2319
2014-09-04 13:11:46.701;2,235;2,2356
2014-09-05 13:13:36.251;2,241;2,2416
2014-09-08 13:06:35.021;2,2485;2,2491
2014-09-09 13:10:34.33;2,2807;2,2813
2014-09-10 13:10:04.42;2,2961;2,2967
2014-09-11 13:03:30.046;2,2874;2,288
2014-09-12 13:11:46.037;2,3244;2,3251
2014-09-15 13:09:10.2;2,3395;2,3401
2014-09-16 13:03:30.538;2,3345;2,3351
2014-09-17 13:03:54.594;2,3378;2,3384
2014-09-18 13:11:49.182;2,3661;2,3668
2014-09-19 13:10:47.7;2,365;2,3656
2014-09-22 13:10:24.895;2,3864;2,387
2014-09-23 13:08:37.756;2,402;2,4026
2014-09-24 13:04:44.7;2,4064;2,407
2014-09-25 13:08:00.462;2,4078;2,4085
2014-09-26 13:05:32.974;2,4304;2,431
2014-09-29 13:02:37.5;2,4516;2,4522
2014-09-30 13:07:31.767;2,4504;2,451
2014-10-01 13:06:15.963;2,4617;2,4623
2014-10-02 13:02:31.206;2,4779;2,4785
2014-10-03 13:05:35.859;2,4926;2,4932
2014-10-06 13:02:58.407;2,4092;2,4098
2014-10-07 13:11:36.399;2,4032;2,4038
2014-10-08 13:08:55.651;2,4065;2,4072
2014-10-09 13:03:40.259;2,3908;2,3914
2014-10-10 13:13:19.054;2,4096;2,4103
2014-10-13 13:09:33.37;2,3917;2,3923
2014-10-14 13:22:15.436;2,3985;2,3991
2014-10-15 13:03:40.188;2,431;2,4316
2014-10-16 13:10:18.164;2,4763;2,477
2014-10-17 13:10:30.552;2,447;2,4477
2014-10-20 13:09:58.45;2,4548;2,4554
2014-10-21 13:04:33.267;2,4791;2,4797
2014-10-22 13:12:14.81;2,4775;2,4781
2014-10-23 13:05:33.166;2,4998;2,5004
2014-10-24 13:10:25.757;2,4799;2,4805
2014-10-27 13:04:30.034;2,5335;2,5341
2014-10-28 13:07:38.966;2,4863;2,4869
2014-10-29 13:06:57.407;2,434;2,4346
2014-10-30 13:11:53.954;2,4113;2,4119
2014-10-31 13:11:09.669;2,4436;2,4442
2014-11-03 13:10:56.504;2,4833;2,4839
2014-11-04 13:12:26.441;2,5189;2,5195
2014-11-05 13:14:49.568;2,5162;2,5168
2014-11-06 13:07:30.928;2,5319;2,5325
2014-11-07 13:03:43.797;2,5715;2,5721
2014-11-10 13:03:34.928;2,5384;2,539
2014-11-11 13:09:11.584;2,5638;2,5644
2014-11-12 13:04:44.611;2,5544;2,555
2014-11-13 13:04:18.948;2,5719;2,5725
2014-11-14 13:05:52.618;2,6129;2,6136
2014-11-17 13:04:53.524;2,6029;2,6035
2014-11-18 13:05:12.687;2,5961;2,5967
2014-11-19 13:04:30.893;2,5843;2,5849
2014-11-20 13:09:58.555;2,544;2,545
2014-11-21 13:13:43.713;2,5384;2,5391
2014-11-24 13:10:55.459;2,5276;2,5282
2014-11-25 13:12:08.702;2,523;2,5237
2014-11-26 13:08:55.919;2,5097;2,5103
2014-11-27 13:10:31.162;2,5059;2,5065
2014-11-28 13:13:55.737;2,5595;2,5601
2014-12-01 13:13:18.894;2,5618;2,5624
2014-12-02 13:07:39.693;2,5658;2,5664
2014-12-03 13:03:03.283;2,5601;2,5607
2014-12-04 13:05:35.617;2,5791;2,5797
2014-12-05 13:18:44.756;2,5882;2,5888
2014-12-08 13:11:24.541;2,5917;2,5923
2014-12-09 13:10:36.875;2,601;2,6016
2014-12-10 13:06:25.303;2,5925;2,5931
2014-12-11 13:09:37.296;2,6265;2,6271
2014-12-12 13:05:36.926;2,6552;2,6558
2014-12-15 13:04:26.703;2,6711;2,6717
2014-12-16 13:05:32.513;2,7397;2,7403
2014-12-17 13:06:40.557;2,724;2,7246
2014-12-18 13:12:30.66;2,6669;2,6676
2014-12-19 13:03:33.122;2,648;2,6486
2014-12-22 13:02:47.709;2,652;2,6527
2014-12-23 13:03:36.09;2,6769;2,6775
2014-12-24 11:02:55.818;2,6822;2,6832
2014-12-26 13:04:25.701;2,6806;2,6812
2014-12-29 13:10:47.411;2,6777;2,6783
2014-12-30 13:03:56.172;2,6556;2,6562
2014-12-31 11:04:46.932;2,6556;2,6562
2015-01-02 13:09:00.008;2,6923;2,6929
2015-01-05 13:05:39.045;2,7101;2,7107
2015-01-06 13:02:40.508;2,7016;2,7023
2015-01-07 13:03:26.355;2,6801;2,6807
2015-01-08 13:14:50.913;2,6913;2,6919
2015-01-09 13:05:35.298;2,6577;2,6583
2015-01-12 13:08:28.69;2,6569;2,6575
2015-01-13 13:03:36.247;2,6479;2,6485
2015-01-14 13:11:33.125;2,6216;2,6222
2015-01-15 13:09:30.875;2,6116;2,6122
2015-01-16 13:16:19.452;2,6187;2,6193
2015-01-19 13:07:19.346;2,6237;2,6243
2015-01-20 13:10:25.331;2,6241;2,6247
2015-01-21 13:10:56.693;2,5961;2,5968
2015-01-22 13:09:35.609;2,5748;2,5754
2015-01-23 13:08:27.089;2,585;2,5856
2015-01-26 13:02:36.859;2,596;2,5966
2015-01-27 13:15:14.272;2,5803;2,5809
2015-01-28 13:12:08.671;2,5791;2,5797
2015-01-29 13:05:27.809;2,5954;2,596
2015-01-30 13:03:33.49;2,6617;2,6623
2015-02-02 13:07:35.534;2,6888;2,6894
2015-02-03 13:10:07.037;2,7053;2,7059
2015-02-04 13:16:13.526;2,7142;2,7148
2015-02-05 13:11:41.561;2,738;2,7386
2015-02-06 13:03:28.526;2,7635;2,7641
2015-02-09 13:05:59.325;2,7867;2,7873
2015-02-10 13:10:42.518;2,8069;2,8075
2015-02-11 13:11:51.241;2,857;2,8576
2015-02-12 13:07:26.003;2,8619;2,8625
2015-02-13 13:09:12.792;2,8385;2,8392
2015-02-18 15:38:10.163;2,8424;2,843
2015-02-19 13:06:12.94;2,8539;2,8545
2015-02-20 13:03:47.423;2,8694;2,8701
2015-02-23 13:09:48.173;2,8805;2,8811
2015-02-24 13:09:52.433;2,8643;2,8649
2015-02-25 13:08:48.302;2,864;2,8646
2015-02-26 13:07:02.44;2,8721;2,8728
2015-02-27 13:16:10.395;2,8777;2,8782
2015-03-02 13:03:58.746;2,8649;2,8655
2015-03-03 13:10:58.773;2,9045;2,9051
2015-03-04 13:03:01.778;2,9798;2,9804
2015-03-05 13:15:50.363;2,9925;2,9931
2015-03-06 13:12:53.934;3,036;3,0366
2015-03-09 13:09:10.18;3,1012;3,1018
2015-03-10 13:11:50.084;3,1293;3,1299
2015-03-11 13:05:36.45;3,1156;3,1162
2015-03-12 13:07:21.939;3,1165;3,1171
2015-03-13 13:10:42.662;3,2258;3,2264
2015-03-16 13:11:39.247;3,2251;3,2257
2015-03-17 13:10:50.28;3,2677;3,2683
2015-03-18 13:10:36.83;3,2512;3,2518
2015-03-19 13:10:42.777;3,2635;3,2642
2015-03-20 13:12:15.117;3,2417;3,2423
2015-03-23 13:07:38.639;3,1793;3,18
2015-03-24 13:04:37.925;3,1304;3,131
2015-03-25 13:07:54.161;3,1469;3,1476
2015-03-26 13:04:38.95;3,1909;3,1915
2015-03-27 13:10:51.625;3,2253;3,2259
2015-03-30 13:02:47.191;3,2595;3,2601
2015-03-31 13:03:36.78;3,2074;3,208
2015-04-01 13:11:39.01;3,1549;3,1556
2015-04-02 13:10:40.403;3,1486;3,1492
2015-04-06 13:04:32.165;3,092;3,0926
2015-04-07 13:05:12.587;3,1225;3,1231
2015-04-08 13:05:07.199;3,0828;3,0834
2015-04-09 13:11:34.151;3,0459;3,0466
2015-04-10 13:07:58.138;3,0789;3,0796
2015-04-13 13:07:40.159;3,1005;3,1011
2015-04-14 13:06:43.768;3,0874;3,088
2015-04-15 13:11:55.84;3,0675;3,0681
2015-04-16 13:04:45.177;3,0243;3,0249
2015-04-17 13:06:57.77;3,0538;3,0544
2015-04-20 13:03:47.797;3,0467;3,0473
2015-04-22 13:11:35.164;3,018;3,0186
2015-04-23 13:10:51.977;3,0077;3,0084
2015-04-24 13:11:32.83;2,9739;2,9745
2015-04-27 13:05:56.299;2,9229;2,9236
2015-04-28 13:07:06.197;2,8937;2,8943
2015-04-29 13:05:35.523;2,9369;2,9375
2015-04-30 13:09:01.536;2,993;2,9936
2015-05-04 13:04:31.623;3,0748;3,0754
2015-05-05 13:11:27.051;3,0619;3,0626
2015-05-06 13:08:07.881;3,0414;3,042
2015-05-07 13:10:36.844;3,0415;3,0421
2015-05-08 13:05:49.374;2,9959;2,9966
2015-05-11 13:11:33.188;3,0169;3,0175
2015-05-12 13:09:37.255;3,0382;3,0389
2015-05-13 13:08:11.125;3,0096;3,0103
2015-05-14 13:05:45.879;3,0026;3,0032
2015-05-15 13:05:47.546;2,9887;2,9894
2015-05-18 13:06:49.146;3,0139;3,0145
2015-05-19 13:11:17.406;3,0278;3,0284
2015-05-20 13:06:32.276;3,034;3,0347
2015-05-21 13:07:52.269;3,0289;3,0295
2015-05-22 13:05:24.649;3,0647;3,0653
2015-05-25 13:09:06.658;3,1206;3,1212
2015-05-26 13:09:44.364;3,1345;3,1351
2015-05-27 13:12:16.822;3,1734;3,174
2015-05-28 13:02:56.559;3,1741;3,1748
2015-05-29 13:04:28.682;3,1781;3,1788
2015-06-01 13:09:42.251;3,1783;3,1789
2015-06-02 13:07:54.511;3,1437;3,1443
2015-06-03 13:10:07.382;3,1178;3,1184
2015-06-05 13:08:51.928;3,1677;3,1684
2015-06-08 13:10:40.469;3,1184;3,119
2015-06-09 13:05:42.745;3,0985;3,0991
2015-06-10 13:23:10.947;3,0837;3,0843
2015-06-11 13:09:32.586;3,1508;3,1514
2015-06-12 13:12:42.913;3,1101;3,1107
2015-06-15 13:07:52.121;3,103;3,1036
2015-06-16 13:11:57.477;3,1076;3,1082
2015-06-17 13:07:03.801;3,0983;3,0989
2015-06-18 13:11:52.668;3,0466;3,0472
2015-06-19 13:08:49.852;3,0782;3,0788
2015-06-22 13:07:04.108;3,0751;3,0757
2015-06-23 13:03:24.158;3,1036;3,1042
2015-06-24 13:11:27.266;3,0846;3,0852
2015-06-25 13:06:51.281;3,1009;3,1015
2015-06-26 13:04:23.915;3,1265;3,1271
2015-06-29 13:10:39.825;3,1383;3,139
2015-06-30 13:02:53.185;3,1019;3,1026
2015-07-01 13:11:53.035;3,1185;3,1191
2015-07-02 13:08:29.333;3,1166;3,1173
2015-07-03 13:11:31.254;3,1265;3,1271
2015-07-06 13:07:32.398;3,1425;3,1431
2015-07-07 13:09:32.793;3,1803;3,1809
2015-07-08 13:05:36.742;3,2275;3,2282
2015-07-09 13:09:35.173;3,2152;3,2163
2015-07-10 13:06:32.359;3,1891;3,1897
2015-07-13 13:11:40.37;3,1588;3,1594
2015-07-14 13:11:06.969;3,1224;3,123
2015-07-15 13:07:01.306;3,1526;3,1532
2015-07-16 13:06:30.875;3,1369;3,1375
2015-07-17 13:10:43.409;3,1826;3,1832
2015-07-20 13:09:30.196;3,2143;3,2149
2015-07-21 13:10:37.983;3,1807;3,1813
2015-07-22 13:09:31.516;3,2088;3,2094
2015-07-23 13:05:41.767;3,2844;3,285
2015-07-24 13:07:58.224;3,3248;3,3254
2015-07-27 13:10:34.785;3,3551;3,3557
2015-07-28 13:05:51.24;3,3808;3,3815
2015-07-29 13:38:35.505;3,3413;3,3419
2015-07-30 13:06:31.44;3,3646;3,3652
2015-07-31 13:09:26.023;3,3934;3,394
2015-08-03 13:11:47.583;3,4419;3,4425
2015-08-04 13:04:33.571;3,4669;3,4675
2015-08-05 13:03:42.371;3,4844;3,4851
2015-08-06 13:06:10.443;3,5341;3,5347
2015-08-07 13:08:56.229;3,5175;3,5181
2015-08-10 13:07:42.567;3,4903;3,4909
2015-08-11 13:11:56.494;3,4919;3,4925
2015-08-12 13:09:10.271;3,482;3,4826
2015-08-13 13:05:38.481;3,5068;3,5074
2015-08-14 13:05:18.827;3,4755;3,4761
2015-08-17 13:03:31.393;3,4739;3,4746
2015-08-18 13:09:57.888;3,4805;3,4811
2015-08-19 13:06:37.745;3,4843;3,4849
2015-08-20 13:06:51.857;3,4745;3,4751
2015-08-21 13:02:49.879;3,489;3,4896
2015-08-24 13:05:40.956;3,5488;3,5494
2015-08-25 13:20:34.718;3,5339;3,5345
2015-08-26 13:08:46.133;3,632;3,6326
2015-08-27 13:04:28.528;3,5549;3,5555
2015-08-28 13:13:28.702;3,5784;3,579
2015-08-31 13:10:45.736;3,6461;3,6467
2015-09-01 13:07:50.315;3,6719;3,6725
2015-09-02 13:03:29.376;3,7307;3,7314
2015-09-03 13:11:53.876;3,7753;3,776
2015-09-04 13:07:40.767;3,798;3,7986
2015-09-08 13:11:50.258;3,8021;3,8028
2015-09-09 13:12:34.284;3,7864;3,787
2015-09-10 13:11:20.067;3,8691;3,8698
2015-09-11 13:08:38.606;3,8692;3,8698
2015-09-14 13:04:43.846;3,8647;3,8653
2015-09-15 13:07:58.616;3,8593;3,8599
2015-09-16 13:03:48.235;3,8361;3,8368
2015-09-17 13:11:42.616;3,8915;3,8921
2015-09-18 13:09:55.701;3,9015;3,9021
2015-09-21 13:03:40.607;3,9815;3,9821
2015-09-22 13:09:42.699;4,0419;4,0425
2015-09-23 13:07:57.711;4,1034;4,1041
2015-09-24 13:07:39.103;4,1942;4,1949
2015-09-25 13:11:54.018;3,9472;3,9479
2015-09-28 13:12:27.775;4,0093;4,0099
2015-09-29 13:27:04.76;4,1165;4,1172
2015-09-30 13:03:13.098;3,9722;3,9729
2015-10-01 13:06:38.673;3,9788;3,9794
2015-10-02 13:05:11.73;4,0003;4,001
2015-10-05 13:06:36.048;3,9135;3,9141
2015-10-06 13:11:43.632;3,8561;3,8567
2015-10-07 13:11:34.72;3,8053;3,806
2015-10-08 13:06:35.904;3,8511;3,8517
2015-10-09 13:05:47.654;3,738;3,7386
2015-10-13 13:06:45.567;3,8243;3,825
2015-10-14 13:05:49.397;3,8501;3,8507
2015-10-15 13:06:13.761;3,8337;3,8344
2015-10-16 13:09:43.629;3,8432;3,8438
2015-10-19 13:03:10.962;3,9009;3,9015
2015-10-20 13:09:40.389;3,865;3,8656
2015-10-21 13:06:45.217;3,938;3,9386
2015-10-22 13:02:39.841;3,9354;3,936
2015-10-23 13:12:08.839;3,8982;3,8988
2015-10-26 13:10:17.399;3,8575;3,8582
2015-10-27 13:04:46.187;3,9108;3,9114
2015-10-28 13:03:06.582;3,8791;3,8797
2015-10-29 13:03:39.996;3,9321;3,9328
2015-10-30 13:03:37.247;3,8582;3,8589
2015-11-03 13:09:38.9;3,812;3,8126
2015-11-04 13:03:50.701;3,768;3,7687
2015-11-05 13:10:33.473;3,7887;3,7893
2015-11-06 13:11:17.178;3,8053;3,8059
2015-11-09 13:04:46.07;3,7922;3,7928
2015-11-10 13:03:39.024;3,7975;3,7981
2015-11-11 13:05:55.723;3,732;3,7327
2015-11-12 13:03:31.384;3,799;3,7996
2015-11-13 13:12:39.88;3,8016;3,8023
2015-11-16 13:14:42.23;3,833;3,8336
2015-11-17 13:11:08.295;3,8045;3,8052
2015-11-18 13:11:10.217;3,7915;3,7921
2015-11-19 13:08:06.804;3,7435;3,7442
2015-11-20 13:03:56.442;3,7;3,701
2015-11-23 13:08:58.637;3,7224;3,7231
2015-11-24 13:04:39.262;3,7075;3,7081
2015-11-25 13:08:52.997;3,7682;3,7688
2015-11-26 13:06:44.735;3,76;3,7606
2015-11-27 13:12:46.429;3,7392;3,7399
2015-11-30 13:09:34.481;3,8499;3,8506
2015-12-01 13:10:11.996;3,8739;3,8745
2015-12-02 13:10:04.864;3,8539;3,8545
2015-12-03 13:04:28.197;3,7964;3,797
2015-12-04 13:14:06.971;3,7569;3,7575
2015-12-07 13:09:35.923;3,747;3,7476
2015-12-08 13:05:53.954;3,7915;3,7921
2015-12-09 13:11:01.012;3,7573;3,758
2015-12-10 13:03:52.871;3,7679;3,7685
2015-12-11 13:02:52.38;3,8541;3,8548
2015-12-14 13:10:23.105;3,9017;3,9023
2015-12-15 13:09:14.148;3,8697;3,8703
2015-12-16 13:09:47.846;3,9351;3,9357
2015-12-17 13:03:43.241;3,8923;3,8929
2015-12-18 13:10:47.728;3,9056;3,9062
2015-12-21 13:05:20.618;3,9825;3,9831
2015-12-22 13:06:07.501;3,9764;3,977
2015-12-23 13:08:16.707;3,9626;3,9632
2015-12-24 11:04:12.571;3,9511;3,9524
2015-12-28 13:10:06.75;3,918;3,9186
2015-12-29 13:11:48.876;3,8486;3,8492
2015-12-30 13:05:21.849;3,9042;3,9048
2015-12-31 11:03:03.597;3,9042;3,9048
2016-01-04 13:12:41.021;4,038;4,0387
2016-01-05 13:12:41.306;4,0108;4,0114
2016-01-06 13:08:04.506;4,0297;4,0303
2016-01-07 13:07:20.817;4,0469;4,0475
2016-01-08 13:11:21.614;4,0244;4,025
2016-01-11 13:08:12.021;4,0147;4,0153
2016-01-12 13:10:57.893;4,0293;4,0299
2016-01-13 13:07:21.557;3,9857;3,9863
2016-01-14 13:03:00.94;4,0217;4,0223
2016-01-15 13:08:54.259;4,0396;4,0402
2016-01-18 13:09:25.047;4,0358;4,0364
2016-01-19 13:08:59.557;4,0297;4,0303
2016-01-20 13:06:47.722;4,0855;4,0861
2016-01-21 13:07:17.33;4,1552;4,1558
2016-01-22 13:11:51.506;4,1226;4,1232
2016-01-25 13:05:43.322;4,0991;4,1002
2016-01-26 13:11:08.831;4,0961;4,0967
2016-01-27 13:07:42.731;4,0441;4,0448
2016-01-28 13:12:28.371;4,0832;4,0838
2016-01-29 13:08:00.674;4,0422;4,0428
2016-02-01 13:03:39.417;3,9979;3,9986
2016-02-02 13:02:59.245;3,9913;3,9919
2016-02-03 13:09:54.357;3,9552;3,9558
2016-02-04 13:06:21.252;3,8646;3,8653
2016-02-05 13:10:29.963;3,8969;3,8975
2016-02-10 15:36:18.369;3,9406;3,9412
2016-02-11 13:07:15.167;3,9636;3,9642
2016-02-12 13:11:55.434;3,9884;3,9891
2016-02-15 13:09:18.754;3,9879;3,9885
2016-02-16 13:04:47.221;4,0207;4,0213
2016-02-17 13:03:45.488;4,0312;4,0318
2016-02-18 13:04:48.92;4,0084;4,0091
2016-02-19 13:03:21.661;4,0486;4,0492
2016-02-22 13:09:39.999;3,9612;3,9618
2016-02-23 13:10:57.68;3,9678;3,9684
2016-02-24 13:04:50.209;3,9894;3,99
2016-02-25 13:02:51.663;3,9394;3,94
2016-02-26 13:05:14.161;3,9571;3,9578
2016-02-29 13:03:49.471;3,979;3,9796
2016-03-01 13:10:04.662;3,9907;3,9913
2016-03-02 13:12:16.932;3,911;3,9116
2016-03-03 13:04:27.128;3,8498;3,8504
2016-03-04 13:06:46.766;3,7182;3,7188
2016-03-07 13:02:47.751;3,7708;3,7714
2016-03-08 13:08:58.704;3,7807;3,7813
2016-03-09 13:04:45.382;3,7031;3,7037
2016-03-10 13:10:39.631;3,6694;3,67
2016-03-11 13:11:02.38;3,6265;3,6271
2016-03-14 13:09:45.239;3,6232;3,6239
2016-03-15 13:08:47.766;3,711;3,7116
2016-03-16 13:08:09.637;3,8073;3,8079
2016-03-17 13:08:35.733;3,6439;3,6445
2016-03-18 13:02:51.239;3,614;3,6146
2016-03-21 13:03:49.98;3,6223;3,6229
2016-03-22 13:10:59.938;3,6067;3,6073
2016-03-23 13:02:59.252;3,6525;3,6531
2016-03-24 13:11:24.799;3,6942;3,6948
2016-03-28 13:10:30.566;3,6401;3,6408
2016-03-29 13:04:59.153;3,6681;3,6687
2016-03-30 13:06:05.169;3,611;3,6116
2016-03-31 13:08:45.137;3,5583;3,5589
2016-04-01 13:11:52.235;3,5793;3,5799
2016-04-04 13:06:46.201;3,5865;3,5871
2016-04-05 13:11:59.295;3,6575;3,6581
2016-04-06 13:16:18.481;3,6743;3,6749
2016-04-07 13:08:41.439;3,6915;3,6921
2016-04-08 13:04:13.177;3,6379;3,6385
2016-04-11 13:08:00.229;3,5278;3,5284
2016-04-12 13:09:30.47;3,54;3,5406
2016-04-13 13:07:11.096;3,5423;3,5429
2016-04-14 13:09:46.372;3,512;3,5126
2016-04-15 13:04:06.093;3,527;3,5276
2016-04-18 13:09:20.47;3,5898;3,5904
2016-04-19 13:12:37.372;3,5532;3,5538
2016-04-20 13:11:54.962;3,5497;3,5503
2016-04-22 13:13:03.706;3,5823;3,5829
2016-04-25 13:03:45.513;3,5466;3,5472
2016-04-26 13:04:51.206;3,5294;3,5301
2016-04-27 13:13:36.409;3,5289;3,5295
2016-04-28 13:07:39.238;3,4986;3,4992
2016-04-29 13:06:42.753;3,4502;3,4508
2016-05-02 13:04:04.383;3,4985;3,4991
2016-05-03 13:07:03.616;3,5544;3,555
2016-05-04 13:07:49.091;3,5391;3,5397
2016-05-05 13:04:54.376;3,529;3,5296
2016-05-06 13:03:28.402;3,5356;3,5362
2016-05-09 13:11:14.121;3,538;3,5387
2016-05-10 13:03:44.346;3,4766;3,4772
2016-05-11 13:06:21.652;3,4639;3,4645
2016-05-12 13:11:02.319;3,4871;3,4877
2016-05-13 13:12:12.504;3,5035;3,5041
2016-05-16 13:10:22.075;3,5029;3,5035
2016-05-17 13:09:33.835;3,5031;3,5037
2016-05-18 13:11:24.699;3,5362;3,5368
2016-05-19 13:04:31.859;3,5997;3,6003
2016-05-20 13:09:54.015;3,5413;3,5419
2016-05-23 13:05:14.045;3,5654;3,566
2016-05-24 13:08:41.68;3,5485;3,5491
2016-05-25 13:06:01.089;3,5798;3,5804
2016-05-27 13:06:17.702;3,6162;3,6168
2016-05-30 13:07:08.055;3,5991;3,5997
2016-05-31 13:07:15.082;3,5945;3,5951
2016-06-01 13:03:32.983;3,612;3,6126
2016-06-02 13:05:50.107;3,5955;3,5961
2016-06-03 13:07:48.276;3,5403;3,5409
2016-06-06 13:12:07.67;3,5092;3,5098
2016-06-07 13:06:28.539;3,4739;3,4745
2016-06-08 13:12:17.117;3,3892;3,3898
2016-06-09 13:12:22.452;3,3811;3,3817
2016-06-10 13:04:54.588;3,4255;3,4261
2016-06-13 13:12:18.113;3,4527;3,4533
2016-06-14 13:11:07.36;3,4833;3,4839
2016-06-15 13:04:07.181;3,4762;3,4768
2016-06-16 13:07:52.127;3,4898;3,4904
2016-06-17 13:16:22.641;3,4366;3,4372
2016-06-20 13:06:11.783;3,3829;3,3835
2016-06-21 13:07:03.812;3,3891;3,3897
2016-06-22 13:07:02.578;3,3877;3,3883
2016-06-23 13:11:59.185;3,3527;3,3533
2016-06-24 13:06:47.87;3,3766;3,3772
2016-06-27 13:07:41.777;3,3928;3,3934
2016-06-28 13:14:20.065;3,3261;3,3267
2016-06-29 13:13:40.493;3,2429;3,2435
2016-06-30 13:09:00.093;3,2092;3,2098
2016-07-01 13:11:49.106;3,2292;3,2298
2016-07-04 13:02:59.354;3,2474;3,248
2016-07-05 13:07:00.556;3,2898;3,2904
2016-07-06 13:09:46.708;3,3236;3,3242
2016-07-07 13:05:33.926;3,3382;3,3388
2016-07-08 13:04:52.766;3,2962;3,2968
2016-07-11 13:04:51.31;3,3025;3,3031
2016-07-12 13:04:17.547;3,2744;3,275
2016-07-13 13:04:25.841;3,289;3,2896
2016-07-14 13:04:56.859;3,2305;3,2311
2016-07-15 13:06:54.068;3,265;3,2656
2016-07-18 13:03:35.615;3,2628;3,2634
2016-07-19 13:09:48.308;3,2795;3,2801
2016-07-20 13:08:49.368;3,2506;3,2512
2016-07-21 13:11:55.399;3,2579;3,2585
2016-07-22 13:08:46.187;3,2848;3,2854
2016-07-25 13:11:09.861;3,2813;3,2819
2016-07-26 13:06:02.39;3,2784;3,279
2016-07-27 13:03:49.634;3,2814;3,282
2016-07-28 13:09:51.326;3,2734;3,274
2016-07-29 13:11:02.506;3,2384;3,239
2016-08-01 13:07:52.331;3,2656;3,2662
2016-08-02 13:06:44.706;3,2484;3,249
2016-08-03 13:04:59.881;3,2727;3,2733
2016-08-04 13:03:54.077;3,2177;3,2183
2016-08-05 13:11:09.805;3,1853;3,1859
2016-08-08 13:11:09.552;3,1765;3,1771
2016-08-09 13:09:55.308;3,1497;3,1503
2016-08-10 13:03:48.37;3,1296;3,1302
2016-08-11 13:10:35.067;3,1358;3,1364
2016-08-12 13:11:59.901;3,1596;3,1602
2016-08-15 13:06:44.773;3,1666;3,1672
2016-08-16 13:04:14.066;3,1743;3,1749
2016-08-17 13:17:38.966;3,2242;3,2248
2016-08-18 13:10:03.273;3,2209;3,2215
2016-08-19 13:04:04.486;3,2261;3,2267
2016-08-22 13:08:52.23;3,2157;3,2163
2016-08-23 13:02:56.681;3,2047;3,2054
2016-08-24 13:08:46.787;3,2366;3,2372
2016-08-25 13:10:46.407;3,2313;3,2319
2016-08-26 13:05:53.75;3,2147;3,2153
2016-08-29 13:18:14.682;3,2607;3,2613
2016-08-30 13:09:35.123;3,2519;3,2525
2016-08-31 13:08:44.335;3,2397;3,2403
2016-09-01 13:10:10.989;3,2466;3,2472
2016-09-02 13:05:51.688;3,2425;3,2431
2016-09-05 13:09:55.659;3,2715;3,2721
2016-09-06 13:02:39.984;3,2446;3,2452
2016-09-08 13:03:53.968;3,1928;3,1934
2016-09-09 13:14:00.885;3,2632;3,2638
2016-09-12 13:08:01.541;3,2848;3,2854
2016-09-13 13:03:56.534;3,2966;3,2972
2016-09-14 13:05:51.819;3,3256;3,3262
2016-09-15 13:08:34.825;3,332;3,3326
2016-09-16 13:04:11.365;3,2998;3,3004
2016-09-19 13:07:42.039;3,263;3,2636
2016-09-20 13:12:19.587;3,2534;3,254
2016-09-21 13:02:47.389;3,2402;3,2408
2016-09-22 13:11:01.456;3,2009;3,2015
2016-09-23 13:07:33.878;3,2236;3,2242
2016-09-26 13:03:06.766;3,2394;3,24
2016-09-27 13:09:07.923;3,2352;3,2358
2016-09-28 13:14:19.99;3,247;3,2476
2016-09-29 13:11:04.635;3,2229;3,2235
2016-09-30 13:05:54.372;3,2456;3,2462
2016-10-03 13:08:48.23;3,2332;3,2338
2016-10-04 13:13:07.366;3,2197;3,2203
2016-10-05 13:05:40.988;3,2353;3,2359
2016-10-06 13:13:25.253;3,2304;3,231
2016-10-07 13:03:53.818;3,2128;3,2134
2016-10-10 13:06:44.704;3,2119;3,2125
2016-10-11 13:09:48.113;3,213;3,2136
2016-10-13 13:04:50.101;3,2081;3,2087
2016-10-14 13:12:14.774;3,1858;3,1864
2016-10-17 13:05:14.708;3,1957;3,1963
2016-10-18 13:09:20.862;3,1868;3,1874
2016-10-19 13:10:53.592;3,1794;3,18
2016-10-20 13:03:10.953;3,1599;3,1605
2016-10-21 13:06:28.783;3,1587;3,1593
2016-10-24 13:02:54.15;3,1305;3,1311
2016-10-25 13:08:42.653;3,1187;3,1193
2016-10-26 13:09:41.53;3,1213;3,1219
2016-10-27 13:04:09.268;3,1423;3,1429
2016-10-28 13:09:46.723;3,1809;3,1815
2016-10-31 13:05:59.103;3,1805;3,1811
2016-11-01 13:12:22.648;3,2047;3,2053
2016-11-03 13:13:02.201;3,2304;3,231
2016-11-04 13:08:46.367;3,2443;3,2449
2016-11-07 13:04:03.991;3,2018;3,2024
2016-11-08 13:11:00.123;3,2018;3,2024
2016-11-09 13:07:07.772;3,2252;3,2258
2016-11-10 13:07:02.302;3,3098;3,3104
2016-11-11 13:04:24.987;3,4371;3,4377
2016-11-14 13:04:30.445;3,444;3,4446
2016-11-16 13:09:06.515;3,4177;3,4183
2016-11-17 13:07:32.351;3,4046;3,4052
2016-11-18 13:10:46.872;3,3911;3,3917
2016-11-21 13:06:39.961;3,3511;3,3517
2016-11-22 13:03:49.108;3,347;3,3476
2016-11-23 13:06:45.266;3,3921;3,3927
2016-11-24 13:08:00.952;3,3981;3,3987
2016-11-25 13:06:32.339;3,4273;3,4279
2016-11-28 13:09:49.923;3,399;3,3996
2016-11-29 13:08:56.969;3,4054;3,406
2016-11-30 13:06:46.879;3,3961;3,3967
2016-12-01 13:11:09.915;3,4356;3,4362
2016-12-02 13:05:53.836;3,4644;3,465
2016-12-05 13:06:12.544;3,4592;3,4598
2016-12-06 13:05:08.947;3,4348;3,4354
2016-12-07 13:08:46.997;3,3889;3,3895
2016-12-08 13:12:01.575;3,4002;3,4008
2016-12-09 13:05:51.876;3,3852;3,3858
2016-12-12 13:07:51.106;3,3691;3,3697
2016-12-13 13:08:06.418;3,3334;3,334
2016-12-14 13:09:51.237;3,3097;3,3103
2016-12-15 13:02:46.232;3,3824;3,383
2016-12-16 13:08:02.388;3,3706;3,3712
2016-12-19 13:12:07.729;3,3772;3,3778
2016-12-20 13:05:58.395;3,358;3,3586
2016-12-21 13:40:41.528;3,3291;3,3297
2016-12-22 13:08:04.834;3,3296;3,3302
2016-12-23 13:11:53.756;3,269;3,2696
2016-12-26 13:12:01.982;3,2695;3,2701
2016-12-27 13:06:58.497;3,277;3,2776
2016-12-28 13:04:46.847;3,2768;3,2774
2016-12-29 13:04:20.815;3,2585;3,2591
2016-12-30 13:02:50.823;3,2585;3,2591
2017-01-02 13:07:18.146;3,2723;3,2729
2017-01-03 13:07:34.023;3,2626;3,2632
2017-01-04 13:11:50.501;3,2327;3,2333
2017-01-05 13:04:07.266;3,2123;3,2129
2017-01-06 13:13:42.955;3,2051;3,2057
2017-01-09 13:08:58.927;3,2091;3,2097
2017-01-10 13:08:06.682;3,1912;3,1918
2017-01-11 13:07:48.319;3,2148;3,2154
2017-01-12 13:03:09.376;3,1655;3,1661
2017-01-13 13:09:16.027;3,2028;3,2034
2017-01-16 13:12:00.606;3,2228;3,2234
2017-01-17 13:06:55.733;3,2094;3,21
2017-01-18 13:05:28.424;3,2205;3,2211
2017-01-19 13:08:52.51;3,2107;3,2113
2017-01-20 13:13:39.174;3,1912;3,1918
2017-01-23 13:12:54.933;3,1603;3,1609
2017-01-24 13:09:02.65;3,1643;3,1649
2017-01-25 13:11:24.662;3,1679;3,169
2017-01-26 13:04:31.844;3,1798;3,1804
2017-01-27 13:08:38.93;3,159;3,1596
2017-01-30 13:11:37.661;3,131;3,1316
2017-01-31 13:08:43.585;3,1264;3,127
2017-02-01 13:05:55.817;3,1473;3,1479
2017-02-02 13:12:12.939;3,119;3,1196
2017-02-03 13:09:11.345;3,1235;3,1241
2017-02-06 13:06:01.029;3,1173;3,1179
2017-02-07 13:08:50.541;3,1298;3,1304
2017-02-08 13:08:38.814;3,1248;3,1255
2017-02-09 13:04:29.047;3,1179;3,1185
2017-02-10 13:05:48.228;3,1149;3,1155
2017-02-13 13:10:48.817;3,1169;3,1175
2017-02-14 13:03:13.887;3,0998;3,1004
2017-02-15 13:06:08.276;3,0773;3,0779
2017-02-16 13:08:26.172;3,0504;3,051
2017-02-17 13:08:02.407;3,0944;3,095
2017-02-20 13:08:26.676;3,0912;3,0918
2017-02-21 13:11:26.366;3,0964;3,097
2017-02-22 13:08:01.394;3,0818;3,0824
2017-02-23 13:04:25.564;3,0632;3,0638
2017-02-24 13:04:50.576;3,0987;3,0993
2017-03-01 15:37:01.96;3,097;3,0976
2017-03-02 13:06:27.32;3,1132;3,1138
2017-03-03 13:07:10.168;3,1358;3,1364
2017-03-06 13:03:53.512;3,1105;3,1111
2017-03-07 13:08:12.549;3,1179;3,1185
2017-03-08 13:03:50.024;3,1471;3,1477
2017-03-09 13:10:47.085;3,1729;3,1735
2017-03-10 13:06:40.688;3,1617;3,1623
2017-03-13 13:03:09.637;3,1535;3,1541
2017-03-14 13:08:15.562;3,1633;3,1639
2017-03-15 13:08:35.316;3,1623;3,1629
2017-03-16 13:10:52.126;3,1074;3,108
2017-03-17 13:05:02.642;3,1069;3,1075
2017-03-20 13:10:47.051;3,0892;3,0898
2017-03-21 13:03:42.922;3,0759;3,0765
2017-03-22 13:02:37.397;3,0933;3,0939
2017-03-23 13:11:51.958;3,1242;3,1248
2017-03-24 13:05:41.423;3,1276;3,1282
2017-03-27 13:09:39.543;3,125;3,1256
2017-03-28 13:05:53.887;3,1297;3,1303
2017-03-29 13:07:50.06;3,1223;3,1229
2017-03-30 13:04:37.167;3,1241;3,1247
2017-03-31 13:04:37.024;3,1678;3,1684
2017-04-03 13:11:51.252;3,1161;3,1167
2017-04-04 13:14:37.607;3,1225;3,1231
2017-04-05 13:09:36.589;3,0917;3,0923
2017-04-06 13:03:01.171;3,1154;3,116
2017-04-07 13:04:41.774;3,1296;3,1302
2017-04-10 13:04:10.183;3,1403;3,1409
2017-04-11 13:12:29.768;3,1418;3,1424
2017-04-12 13:06:48.766;3,1457;3,1463
2017-04-13 13:09:28.107;3,1263;3,1269
2017-04-17 13:05:51.148;3,103;3,1036
2017-04-18 13:11:11.625;3,0952;3,0958
2017-04-19 13:09:50.695;3,1288;3,1294
2017-04-20 13:10:38.938;3,1447;3,1453
2017-04-24 13:06:53.08;3,1245;3,1251
2017-04-25 13:12:37.494;3,1571;3,1577
2017-04-26 13:02:41.795;3,1841;3,1847
2017-04-27 13:04:42.331;3,1757;3,1763
2017-04-28 13:10:52.336;3,1978;3,1984
2017-05-02 13:05:31.845;3,1718;3,1724
2017-05-03 13:11:44.442;3,1483;3,1489
2017-05-04 13:06:37.798;3,1774;3,178
2017-05-05 13:10:18.101;3,1758;3,1764
2017-05-08 13:09:42.404;3,1932;3,1938
2017-05-09 13:07:46.101;3,1851;3,1857
2017-05-10 13:02:56.565;3,16;3,1606
2017-05-11 13:09:03.951;3,1553;3,1559
2017-05-12 13:09:38.952;3,1284;3,129
2017-05-15 13:10:14.948;3,1005;3,1011
2017-05-16 13:06:34.653;3,0918;3,0924
2017-05-17 13:12:09.748;3,107;3,1076
2017-05-18 13:05:58.487;3,3756;3,3807
2017-05-19 13:11:29.308;3,2872;3,2878
2017-05-22 13:07:00.554;3,2857;3,2863
2017-05-23 13:02:54.33;3,2648;3,2654
2017-05-24 13:07:42.187;3,2623;3,2629
2017-05-25 13:02:59.753;3,2818;3,2824
2017-05-26 13:06:53.597;3,2608;3,2614
2017-05-29 13:09:25.777;3,2703;3,2709
2017-05-30 13:07:25.626;3,2653;3,2659
2017-05-31 13:07:50.415;3,2431;3,2437
2017-06-01 13:09:48.76;3,2301;3,2307
2017-06-02 13:04:05.317;3,2395;3,2401
2017-06-05 13:05:00.105;3,2814;3,282
2017-06-06 13:03:50.101;3,2811;3,2817
2017-06-07 13:10:02.741;3,2741;3,2747
2017-06-08 13:09:17.114;3,2832;3,2838
2017-06-09 13:06:44.063;3,2734;3,274
2017-06-12 13:10:22.504;3,298;3,2986
2017-06-13 13:07:17.021;3,3202;3,3208
2017-06-14 13:05:49.215;3,283;3,2836
2017-06-16 13:09:51.845;3,2886;3,2892
2017-06-19 13:09:35.161;3,2969;3,2975
2017-06-20 13:09:57.194;3,3139;3,3145
2017-06-21 13:06:38.103;3,3241;3,3247
2017-06-22 13:11:48.369;3,3356;3,3362
2017-06-23 13:05:41.49;3,3336;3,3342
2017-06-26 13:03:38.941;3,3122;3,3128
2017-06-27 13:10:03.464;3,3166;3,3172
2017-06-28 13:09:53.266;3,3024;3,303
2017-06-29 13:08:49.398;3,2946;3,2952
2017-06-30 13:07:06.19;3,3076;3,3082
2017-07-03 13:08:51.099;3,3009;3,3015
2017-07-04 13:09:38.583;3,3044;3,305
2017-07-05 13:07:52.841;3,3187;3,3193
2017-07-06 13:10:04.143;3,3058;3,3064
2017-07-07 13:10:59.626;3,2889;3,2895
2017-07-10 13:04:58.325;3,2644;3,265
2017-07-11 13:07:42.2;3,2516;3,2522
2017-07-12 13:05:55.372;3,2258;3,2264
2017-07-13 13:03:24.642;3,2102;3,2108
2017-07-14 13:08:48.555;3,1893;3,1899
2017-07-17 13:06:09.489;3,1815;3,1821
2017-07-18 13:04:08.526;3,1662;3,1668
2017-07-19 13:03:40.198;3,1527;3,1533
2017-07-20 13:11:38.587;3,1396;3,1402
2017-07-21 13:06:09.241;3,125;3,1256
2017-07-24 13:03:28.355;3,1453;3,1459
2017-07-25 13:09:53.994;3,155;3,1556
2017-07-26 13:05:57.227;3,1651;3,1657
2017-07-27 13:02:54.362;3,1507;3,1513
2017-07-28 13:09:51.799;3,1451;3,1457
2017-07-31 13:03:36.031;3,1301;3,1307
2017-08-01 13:08:39.907;3,1154;3,1161
2017-08-02 13:07:58.487;3,1262;3,1268
2017-08-03 13:09:48.89;3,1188;3,1194
2017-08-04 13:12:10.418;3,1218;3,1224
2017-08-07 13:11:31.189;3,1261;3,1267
2017-08-08 13:06:34.439;3,1314;3,132
2017-08-09 13:03:05.856;3,1458;3,1464
2017-08-10 13:09:02.609;3,1537;3,1543
2017-08-11 13:11:15.965;3,1689;3,1695
2017-08-14 13:11:13.161;3,1882;3,1888
2017-08-15 13:04:55.968;3,197;3,1976
2017-08-16 13:11:54.575;3,1664;3,167
2017-08-17 13:10:53.766;3,1597;3,1603
2017-08-18 13:03:04.268;3,1648;3,1654
2017-08-21 13:11:54.232;3,1437;3,1443
2017-08-22 13:07:59.02;3,1533;3,1539
2017-08-23 13:05:00.387;3,1563;3,1569
2017-08-24 13:05:56.945;3,1398;3,1404
2017-08-25 13:03:19.052;3,1456;3,1462
2017-08-28 13:05:53.434;3,1557;3,1563
2017-08-29 13:06:00.742;3,1689;3,1695
2017-08-30 13:05:59.376;3,1632;3,1638
2017-08-31 13:11:19.431;3,1465;3,1471
2017-09-01 13:09:49.668;3,1327;3,1333
2017-09-04 13:07:00.053;3,1383;3,1389
2017-09-05 13:08:03.538;3,1197;3,1203
2017-09-06 13:04:56.84;3,1127;3,1133
2017-09-08 13:09:47.865;3,0902;3,0908
2017-09-11 13:11:51.904;3,0846;3,0852
2017-09-12 13:10:52.973;3,1138;3,1144
2017-09-13 13:11:12.8;3,1337;3,1343
2017-09-14 13:07:09.055;3,1348;3,1354
2017-09-15 13:09:01.968;3,1249;3,1255
2017-09-18 13:13:53.088;3,1233;3,1239
2017-09-19 13:02:44.498;3,1317;3,1323
2017-09-20 13:07:58.419;3,1275;3,1281
2017-09-21 13:04:20.434;3,1341;3,1347
2017-09-22 13:04:39.003;3,1279;3,1285
2017-09-25 13:08:41.647;3,1406;3,1412
2017-09-26 13:11:49.126;3,1668;3,1674
2017-09-27 13:03:56.33;3,1926;3,1932
2017-09-28 13:07:41.741;3,1865;3,1871
2017-09-29 13:10:53.153;3,1674;3,168
2017-10-02 13:11:53.361;3,1636;3,1642
2017-10-03 13:06:01.897;3,1496;3,1502
2017-10-04 13:07:04.54;3,1309;3,1315
2017-10-05 13:09:02.854;3,1341;3,1347
2017-10-06 13:12:13.52;3,1642;3,1648
2017-10-09 13:03:37.033;3,1764;3,177
2017-10-10 13:05:50.117;3,1682;3,1688
2017-10-11 13:06:55.368;3,1633;3,1639
2017-10-13 13:09:01.026;3,1567;3,1572
2017-10-16 13:06:50.682;3,1601;3,1607
2017-10-17 13:08:24.663;3,1763;3,1769
2017-10-18 13:05:11.771;3,1667;3,1673
2017-10-19 13:03:16.171;3,1727;3,1732
2017-10-20 13:06:16.866;3,1827;3,1833
2017-10-23 13:08:10.632;3,1997;3,2003
2017-10-24 13:07:51.559;3,2464;3,247
2017-10-25 13:09:31.655;3,2381;3,2387
2017-10-26 13:07:04.203;3,2438;3,2444
2017-10-27 13:06:46.999;3,2795;3,2801
2017-10-30 13:03:56.356;3,2541;3,2547
2017-10-31 13:08:47.548;3,2763;3,2769
2017-11-01 13:06:41.585;3,273;3,2736
2017-11-03 13:04:54.329;3,2914;3,292
2017-11-06 13:08:39.786;3,2845;3,2851
2017-11-07 13:08:59.981;3,2727;3,2733
2017-11-08 13:08:59.653;3,2503;3,2509
2017-11-09 13:11:59.216;3,2509;3,2515
2017-11-10 13:11:04.472;3,2655;3,2661
2017-11-13 13:03:15.661;3,2867;3,2873
2017-11-14 13:11:59.21;3,2828;3,2834
2017-11-16 13:10:20.167;3,2802;3,2808
2017-11-17 13:08:26.316;3,2782;3,2788
2017-11-20 13:10:09.274;3,2608;3,2623
2017-11-21 13:08:00.441;3,2585;3,2591
2017-11-22 13:06:53.031;3,2555;3,2561
2017-11-23 13:02:53.754;3,2365;3,2371
2017-11-24 13:05:52.166;3,2294;3,23
2017-11-27 13:04:59.406;3,2212;3,2218
2017-11-28 13:04:52.08;3,2226;3,2232
2017-11-29 13:10:29.895;3,213;3,2136
2017-11-30 13:08:58.944;3,261;3,2616
2017-12-01 13:05:49.223;3,263;3,2636
2017-12-04 13:12:10.896;3,25;3,2506
2017-12-05 13:06:35.907;3,2316;3,2322
2017-12-06 13:03:50.288;3,2348;3,2354
2017-12-07 13:11:10.197;3,2886;3,2892
2017-12-08 13:09:46.379;3,2805;3,2811
2017-12-11 13:10:44.9;3,2839;3,2845
2017-12-12 13:09:28.057;3,3143;3,3149
2017-12-13 13:08:38.426;3,303;3,3036
2017-12-14 13:04:47.054;3,3326;3,3332
2017-12-15 13:10:18.082;3,3176;3,3182
2017-12-18 13:03:09.523;3,2875;3,2881
2017-12-19 13:08:27.894;3,2877;3,2883
2017-12-20 13:11:21.95;3,2903;3,2909
2017-12-21 13:08:38.591;3,3039;3,3045
2017-12-22 13:06:49.404;3,3203;3,3209
2017-12-26 13:12:11.584;3,3194;3,32
2017-12-27 13:06:02.143;3,3024;3,3031
2017-12-28 13:04:53.036;3,3074;3,308
2017-12-29 13:02:45.613;3,3074;3,308
